student_id,dai_so_tuyen_tinh,giai_tich,kien_truc_may_tinh,lap_trinh_python_co_ban,cau_truc_du_lieu_va_giai_thuat,co_so_ky_thuat_lap_trinh,mang_may_tinh,co_so_tham_my,thiet_ke_do_hoa_co_ban,thiet_ke_web_co_ban,phap_luat_dai_cuong,ky_nang_mem,tieng_anh_tang_cuong,giao_duc_the_chat_1,giao_duc_the_chat_2,giao_duc_the_chat_3,do_an_1,do_hoa_vector,hinh_hoa,thiet_ke_dan_trang,thiet_ke_do_hoa_nang_cao,tieng_anh_1,vat_ly_ky_thuat
so_tin_chi,2.0,3.0,3.0,3.0,3.0,3.0,3.0,3.0,3.0,3.0,2.0,2.0,4.0,1,1,1.0,3.0,3.0,3.0,3.0,3.0,2.0,4.0
10121739,8.7,8.4,8.3,8.8,9.2,7.9,7.9,7.0,9.0,10.0,6.5,8.3,6.0,9,9,7.0,7.3,8.5,8.3,5.8,8.0,8.2,8.7
10121036,7.4,6.7,5.5,7.7,6.4,6.6,7.5,8.0,7.0,5.5,6.3,8.6,2.5,7,6,8.0,6.7,6.5,5.0,7.3,5.0,6.5,7.4
10121045,7.0,5.2,7.5,6.5,5.8,5.6,6.3,6.3,6.8,3.5,7.3,8.2,5.0,8,8,9.0,6.5,7.3,7.0,7.3,7.0,6.5,7.4
10121569,4.0,3.8,5.5,7.8,4.5,4.4,6.9,4.5,4.5,5.5,6.8,7.5,3.5,7,7,6.0,6.4,6.5,6.8,5.8,6.0,6.0,7.1
10121019,6.0,5.1,4.0,5.7,6.3,5.0,7.3,5.0,7.3,6.0,7.3,8.5,5.0,7,8,7.0,6.3,6.0,6.3,7.5,6.0,6.9,6.9
12521082,9.0,9.4,8.8,7.5,8.2,6.1,7.4,8.8,7.5,7.5,8.3,8.5,5.0,8,8,6.0,6.5,5.8,7.3,7.3,6.5,7.4,9.1
10121241,6.9,7.6,8.5,7.5,6.8,7.4,7.4,8.3,7.3,6.0,7.5,8.5,5.5,9,7,8.0,6.8,7.8,6.8,7.3,7.3,7.3,8.6
12521001,8.7,8.9,6.3,7.4,4.9,6.4,7.2,8.0,6.5,6.0,8.8,8.9,3.5,8,8,7.0,5.0,6.0,7.0,7.0,7.3,7.7,8.5
10121023,5.5,7.0,7.0,8.4,7.2,5.3,7.5,7.8,8.5,8.3,8.0,8.6,3.5,9,7,7.0,8.4,8.3,7.8,8.3,7.3,7.5,6.9
10121155,7.0,5.7,6.5,7.2,6.2,4.7,7.0,7.0,7.3,6.5,7.5,8.4,5.0,8,10,9.0,8.2,6.3,5.5,6.0,5.8,5.8,7.1
10121534,5.8,5.5,5.0,6.8,6.4,6.0,7.3,7.8,7.8,7.5,7.0,8.3,4.0,7,7,7.0,8.0,7.3,5.8,7.8,7.3,7.5,7.5
10121479,8.7,5.3,7.5,7.0,4.2,0.0,6.0,4.8,5.0,5.5,7.8,8.4,4.5,7,8,6.0,6.0,6.0,6.3,7.3,6.5,6.7,8.0
10121336,7.4,7.7,9.0,7.4,5.3,7.5,6.9,7.3,7.0,8.7,6.2,7.4,2.0,8,6,8.0,8.0,7.3,7.5,7.5,7.3,7.7,7.8
10121788,7.7,3.5,6.0,6.3,6.8,6.5,7.7,5.5,7.5,7.8,7.5,8.2,6.5,7,7,7.0,7.0,8.0,7.0,6.5,7.3,8.3,7.4
10121046,6.8,5.2,8.3,6.8,5.4,5.5,7.3,6.0,7.5,5.5,7.0,8.2,5.5,6,7,6.0,6.8,7.0,7.0,7.0,7.0,7.3,7.7
10121805,7.5,8.7,9.0,8.3,6.5,5.1,7.7,8.3,7.5,7.0,8.5,8.7,4.0,7,8,7.0,8.5,6.8,6.8,7.3,7.0,7.6,8.2
10121485,7.0,6.4,7.8,7.3,6.2,6.0,6.4,7.8,7.0,5.0,7.8,8.4,4.5,8,7,7.0,6.3,5.8,6.8,7.0,6.5,6.5,8.1
10121810,8.4,9.2,7.5,6.7,6.6,7.2,6.9,5.0,6.5,5.0,8.3,8.4,1.5,7,6,7.0,6.5,5.8,5.0,5.5,5.5,5.7,7.0
10121813,6.7,5.8,6.5,8.8,6.5,5.6,5.2,5.0,8.0,7.8,5.5,7.9,0.0,6,6,7.0,8.0,6.5,5.0,7.3,6.3,0.0,7.3
10121214,8.5,6.7,6.5,7.7,5.3,4.7,6.5,7.8,7.0,5.0,7.8,8.2,3.0,8,7,7.0,7.2,7.0,6.8,7.3,5.8,7.0,8.2
10121602,7.3,6.4,4.5,6.9,5.5,6.1,6.7,6.3,7.3,5.0,6.8,8.2,6.0,6,9,7.0,4.5,7.0,,7.0,6.8,7.6,7.3
10121837,5.0,6.7,8.8,8.5,6.3,5.8,6.3,6.8,7.0,6.0,4.0,8.5,3.5,7,8,8.0,8.0,8.0,6.5,7.5,6.0,7.2,8.2
10121850,7.7,6.5,5.0,5.9,6.7,7.4,7.5,7.3,7.0,8.5,7.0,8.7,6.5,9,8,10.0,9.3,8.0,8.0,7.3,8.3,8.0,8.0
10121860,0.0,0.0,7.3,7.8,5.0,6.0,6.9,2.0,3.3,1.5,5.5,8.0,2.5,6,7,0.0,6.3,0.0,2.0,0.0,6.5,6.7,7.8
10121861,7.5,5.3,7.8,8.0,5.5,5.9,7.3,6.3,7.3,7.7,5.8,8.2,7.0,6,8,9.0,7.3,7.0,7.3,7.0,8.0,8.5,8.1
10121864,7.5,7.5,6.8,7.8,6.7,5.8,7.3,8.3,6.5,7.5,8.8,8.2,3.0,6,8,8.0,7.4,7.8,6.5,7.0,7.3,8.8,7.0
12521031,9.4,9.3,6.5,6.8,6.5,7.6,7.3,8.8,6.3,7.8,8.5,8.2,3.0,8,6,9.0,1.5,8.3,6.8,7.0,8.3,8.6,8.3
10121041,7.4,6.4,7.3,7.8,7.3,6.5,6.8,8.5,5.5,3.5,8.0,8.3,4.0,8,8,8.0,6.3,6.5,6.5,6.5,6.8,6.6,7.9
10121161,8.9,6.8,9.3,6.3,8.8,8.3,7.0,6.8,7.3,8.0,7.5,8.5,6.0,8,8,7.0,8.7,7.8,7.3,6.8,6.5,7.5,7.9
10121443,8.5,7.4,8.0,7.3,6.2,8.3,7.0,8.3,6.8,7.5,7.2,8.1,4.5,8,8,8.0,7.7,8.0,7.0,7.8,7.8,7.1,8.0
10121022,4.7,3.9,3.5,7.4,5.9,4.3,6.4,5.8,6.8,6.0,6.8,7.7,6.0,8,7,7.0,6.8,7.8,7.3,7.3,6.3,7.0,6.4
10121464,7.2,5.8,8.5,6.9,7.2,5.3,6.9,7.5,6.5,8.5,7.5,8.4,5.0,9,8,8.0,7.9,8.3,8.3,7.5,7.0,7.1,7.7
10121591,7.4,7.2,6.5,7.0,7.2,5.8,7.2,6.0,6.8,6.4,7.5,8.1,2.0,8,8,7.0,6.9,7.8,6.3,7.8,6.3,7.2,7.2
10121915,8.2,6.4,8.3,7.3,6.3,6.0,7.9,8.8,6.8,6.5,7.8,8.6,2.5,9,8,6.0,6.8,6.8,8.3,7.5,8.5,7.3,6.3
10121925,7.6,7.6,8.5,8.8,8.2,8.4,7.3,8.3,7.0,9.3,7.5,8.5,4.5,8,8,7.0,9.3,8.8,8.5,8.0,8.5,8.2,7.8
12521157,7.2,5.9,5.5,7.8,4.9,6.4,5.8,6.3,0.0,4.0,6.2,8.2,0.0,7,6,0.0,0.0,7.3,6.0,6.0,6.3,4.0,7.2
10121010,7.3,6.4,6.0,7.4,3.8,4.7,5.3,6.3,4.0,1.5,6.5,7.7,0.0,6,7,6.0,6.5,7.0,6.3,5.5,5.8,5.1,7.1
10121117,7.2,6.6,6.8,7.5,6.4,7.1,6.0,6.5,5.5,6.7,8.0,8.7,6.5,8,9,8.0,4.5,6.5,6.3,7.0,5.5,6.7,8.3
10121605,6.5,7.1,7.5,7.2,7.0,6.1,7.0,7.0,6.8,0.0,6.3,7.0,3.5,8,9,2.0,5.2,2.5,5.9,7.0,8.3,4.0,1.8
10121771,8.3,6.8,7.5,8.8,7.7,7.3,7.2,9.0,7.0,5.0,6.5,7.9,8.0,7,8,6.5,6.5,7.3,7.5,8.0,8.3,7.1,6.9
10121456,8.7,9.2,8.8,8.8,8.0,7.9,9.2,7.0,7.2,6.8,9.0,8.4,7.8,8,8,8.3,7.3,8.3,7.8,9.0,8.3,8.5,7.7
10121130,7.9,4.8,5.0,7.5,6.3,5.8,6.9,8.0,6.2,6.8,8.3,8.4,7.3,8,7,6.5,6.3,2.7,6.7,8.0,8.5,6.0,7.1
10121394,9.2,7.3,7.3,8.6,6.8,7.2,6.8,7.0,5.3,6.5,7.5,8.4,5.5,8,8,5.5,7.3,6.4,6.9,7.8,8.5,7.8,8.0
10121801,7.3,6.6,7.0,6.3,6.4,7.3,7.3,8.0,6.2,7.8,5.8,7.9,7.5,7,7,8.0,6.7,2.5,7.8,8.0,8.8,7.8,7.1
10121814,8.0,7.9,6.3,6.3,6.9,7.9,8.0,7.0,7.0,7.3,6.9,7.9,5.8,8,8,7.5,7.3,7.2,7.9,8.5,8.6,8.6,8.6
10121414,9.4,7.7,7.8,8.9,7.0,6.9,6.8,9.0,6.9,7.0,9.3,7.9,6.5,9,9,6.5,6.2,6.7,6.8,8.5,7.9,8.1,7.6
10121652,9.2,8.4,8.8,7.3,7.2,7.2,8.2,7.0,6.9,7.0,7.5,8.4,6.0,8,7,7.5,5.9,6.5,7.8,8.3,8.9,8.5,7.3
10121352,7.6,6.8,8.3,8.3,5.7,7.2,8.0,8.0,6.4,7.0,7.3,7.9,8.5,8,9,6.3,6.0,6.8,6.9,7.8,8.6,8.1,7.2
10121120,8.0,7.2,7.5,8.4,7.5,4.9,5.8,7.0,5.7,5.0,7.5,7.9,6.8,7,9,5.5,7.3,7.3,8.0,9.0,8.8,8.2,7.7
10121868,9.2,9.2,9.3,7.8,7.8,6.8,6.9,9.0,6.8,7.5,7.3,8.4,8.5,8,9,7.5,7.7,6.8,7.9,9.0,8.3,9.1,8.3
10121869,7.2,8.5,7.8,6.0,6.8,8.2,8.2,9.0,6.7,7.0,8.4,7.7,5.8,8,9,7.3,6.1,6.3,7.2,8.0,8.0,8.2,7.3
10121327,7.3,6.7,7.3,8.5,5.7,7.0,5.3,8.0,6.7,7.0,8.0,7.9,5.0,8,9,4.8,5.0,2.9,6.5,8.3,7.7,8.0,5.9
10121694,6.4,6.5,6.5,7.3,5.2,6.2,4.8,7.0,6.4,4.5,6.0,8.4,3.3,7,8,1.5,4.5,6.2,6.5,7.0,3.3,8.2,6.2
10121888,8.5,7.3,7.8,8.3,0.0,6.0,8.2,8.0,6.0,6.0,7.3,7.9,8.5,7,7,7.3,5.6,7.8,6.9,8.5,9.2,8.1,7.8
10121655,5.5,5.8,7.8,7.8,5.4,5.3,5.7,7.0,4.8,6.3,6.8,7.9,5.5,7,9,5.8,5.7,7.2,7.4,7.5,8.6,6.5,7.8
10121088,6.7,6.9,8.5,7.8,6.9,7.2,7.4,7.0,6.7,6.5,7.3,7.7,1.5,9,9,2.0,7.3,8.3,7.4,8.5,8.4,4.4,5.8
10121454,6.8,6.9,8.5,8.1,7.2,6.0,7.2,7.0,6.5,6.5,8.3,7.2,6.5,7,8,3.8,5.1,7.5,6.8,7.8,7.4,4.3,6.2
10121429,6.5,5.2,7.0,7.8,6.7,5.7,3.9,6.0,5.9,5.0,6.8,7.0,5.0,7,7,5.8,5.7,4.5,6.4,7.5,8.8,6.6,7.3
10121909,5.8,6.5,7.3,8.0,0.0,6.4,7.8,8.0,7.4,6.8,6.8,7.9,6.8,7,7,6.0,6.3,7.8,6.5,8.0,8.5,7.9,7.3
10121923,8.6,9.0,9.0,7.3,8.8,8.7,8.4,8.0,6.9,7.5,7.3,7.7,8.8,8,9,8.3,8.1,8.4,8.0,9.0,8.3,8.1,7.5
10121612,8.3,7.7,7.5,6.7,6.4,7.4,7.5,8.0,6.4,6.0,7.3,7.9,6.3,8,7,0.0,6.8,5.9,7.4,7.5,3.3,8.1,7.5
10121609,8.0,7.7,5.5,7.0,7.2,7.3,7.8,8.0,6.8,8.3,8.3,7.9,8.8,8,7,8.0,7.7,8.3,7.2,8.0,8.9,7.8,6.5
10121935,8.5,9.3,3.5,8.3,9.0,8.9,8.7,7.0,7.8,6.8,7.5,7.2,9.8,8,8,9.0,7.0,8.2,7.7,9.0,8.9,8.6,8.3
10121139,6.5,6.5,5.5,6.0,4.1,0.0,5.9,8.0,5.7,4.5,6.8,7.7,2.0,5,6,1.5,5.4,5.8,6.2,7.0,3.3,7.8,6.3
10121324,6.7,7.7,8.8,8.3,7.0,5.7,4.4,7.0,6.8,6.8,9.3,7.9,5.0,8,9,6.3,6.1,5.5,7.0,7.5,7.9,8.3,7.7
10121589,6.8,5.3,7.3,6.5,5.9,6.2,6.8,9.0,5.5,7.5,6.8,7.9,7.5,9,7,8.0,6.9,7.4,6.0,7.8,8.9,8.2,7.3
10121682,6.9,8.6,8.8,8.8,6.8,7.4,7.4,8.0,7.4,6.5,8.5,8.4,6.0,9,9,7.5,7.2,7.0,7.5,8.5,8.8,8.7,8.4
10121026,7.2,6.8,7.5,8.3,6.3,7.1,6.8,8.0,6.9,8.0,8.0,7.9,6.3,8,8,7.3,7.5,7.4,7.7,8.5,8.8,7.1,7.9
10121738,7.8,8.6,6.0,8.0,5.5,5.3,6.3,6.3,6.0,3.8,7.5,7.1,2.0,7,7,8.0,7.0,5.3,6.9,5.8,8.3,6.4,5.1
10121759,8.4,7.2,8.3,8.3,7.3,7.2,6.7,7.8,6.0,7.3,8.5,7.2,5.0,8,7,7.0,6.5,7.0,6.5,7.5,8.8,8.8,6.0
10121778,7.2,5.8,8.5,6.5,5.3,5.4,6.9,5.3,6.5,6.5,8.0,7.9,2.5,8,7,7.0,7.4,6.8,7.2,5.8,8.8,6.5,5.0
10121961,7.7,3.7,0.0,8.8,7.7,7.1,6.5,9.5,7.3,6.5,7.0,7.2,0.0,6,7,6.0,7.0,8.8,5.7,8.5,8.5,6.2,6.6
10121623,4.9,0.0,6.8,6.5,5.8,4.2,6.7,4.5,7.3,7.8,6.5,7.2,4.0,6,7,7.0,8.3,7.8,6.5,8.3,8.0,6.9,4.9
10121086,8.6,8.0,8.8,6.5,6.8,6.9,7.2,9.0,7.5,8.0,8.3,7.1,3.0,8,9,7.0,7.0,8.8,6.8,7.8,8.8,7.5,6.3
10121666,7.0,5.0,4.0,6.5,6.7,6.7,5.5,5.0,6.3,3.0,5.8,7.0,1.0,6,8,8.0,0.0,3.0,6.2,4.8,8.8,6.7,5.5
10121825,8.7,9.8,8.5,7.7,8.2,9.4,7.8,7.8,7.5,8.4,7.9,7.9,4.5,8,8,9.0,9.3,9.5,7.5,9.0,8.8,8.2,8.4
10121830,8.8,7.7,8.3,9.3,8.7,9.3,6.7,8.8,8.3,8.3,6.7,7.9,2.5,8,7,8.0,8.8,9.8,6.7,9.0,8.5,7.9,7.1
10121185,7.3,6.9,5.3,7.8,6.0,4.3,0.0,6.0,6.0,6.5,7.3,7.1,1.0,6,8,7.0,6.9,4.5,5.7,6.0,8.0,8.0,6.3
10121863,8.2,6.9,7.8,7.3,6.9,5.2,5.7,5.3,6.5,7.3,7.5,7.2,2.5,8,8,7.0,6.8,5.8,6.5,6.8,8.5,7.7,6.8
10121465,5.3,5.3,4.5,7.5,6.0,5.4,6.8,3.8,6.5,5.5,5.0,7.1,1.5,6,7,6.0,6.0,4.5,5.5,5.5,8.0,7.5,6.0
10120666,8.3,6.0,7.3,6.5,0.0,5.0,0.0,6.0,6.0,6.0,6.8,8.8,6.5,7,0,6.0,6.5,6.0,6.4,5.8,7.5,0.0,5.8
10121102,8.2,7.3,6.5,7.4,7.4,6.4,5.9,6.0,5.8,5.5,7.0,7.2,3.5,6,8,7.0,7.4,8.0,6.0,6.8,8.0,8.0,5.4
10121894,6.9,5.0,6.5,6.5,5.7,4.0,5.4,6.3,6.0,6.0,7.3,7.1,0.0,8,8,8.0,6.4,5.3,6.0,5.3,7.5,6.9,7.0
10121898,6.2,4.8,7.3,8.0,5.2,6.4,5.8,6.3,6.8,6.3,6.5,7.9,0.5,6,7,7.0,8.0,6.5,5.3,8.0,8.5,7.9,6.2
10121970,0.0,0.0,2.5,3.5,3.0,3.0,0.0,4.5,6.0,8.3,0.0,7.1,0.0,0,0,6.0,8.3,6.0,5.5,5.8,8.0,7.6,4.9
10121924,8.6,5.8,7.5,8.8,8.0,7.4,7.5,8.0,6.8,8.5,6.8,7.9,1.5,8,7,6.0,8.0,7.8,7.0,8.0,8.5,5.9,7.0
10121646,8.4,5.3,7.0,6.5,6.8,6.4,7.0,7.5,6.8,6.3,7.0,7.2,0.0,8,8,7.0,7.5,7.8,6.9,7.5,8.5,6.4,5.3
10121043,4.9,4.0,6.5,6.8,5.8,5.5,7.0,6.5,6.8,7.3,7.5,7.1,5.0,8,7,5.0,6.8,6.0,6.4,1.0,7.5,6.9,6.5
10121967,6.3,7.0,6.8,8.2,8.0,8.7,7.0,6.5,0.0,7.8,8.3,0.0,6.5,7,7,6.0,7.5,0.0,7.2,0.0,8.0,7.5,6.7
10121263,5.7,6.9,7.0,7.0,6.5,5.7,7.0,6.5,7.3,6.8,7.8,7.9,2.5,7,7,8.0,8.5,7.5,7.0,7.8,7.5,5.4,5.0
10121944,7.2,8.0,9.0,8.8,7.9,8.4,8.2,8.0,6.5,8.0,7.3,7.9,4.5,7,7,7.0,9.3,8.8,7.4,8.0,8.5,8.2,6.8
10121948,6.5,5.5,7.5,8.5,7.3,6.0,6.2,7.5,6.8,6.8,7.5,7.1,0.0,7,7,6.0,8.5,8.0,6.3,6.0,8.5,8.1,6.0
10121551,8.7,6.7,8.0,7.4,6.5,6.6,6.8,6.8,7.5,6.8,8.0,8.3,1.5,8,8,8.0,7.7,8.0,6.5,7.5,7.8,8.2,4.7
10121069,5.7,4.1,6.8,8.0,6.2,5.4,6.3,6.3,7.3,7.5,7.3,8.1,1.5,8,8,7.0,6.7,6.0,5.5,6.3,7.3,6.4,6.0
10121671,7.8,6.3,6.5,7.9,5.5,5.4,5.4,7.4,6.0,6.0,6.3,8.3,3.5,6,8,8.0,6.8,6.5,6.0,7.3,7.5,7.4,7.5
10121050,7.0,6.5,7.5,6.7,5.8,6.6,6.9,7.0,6.8,5.8,7.0,2.0,1.5,7,8,8.0,2.5,7.3,6.5,7.0,7.5,0.0,6.0
10121144,5.4,5.0,4.0,7.3,0.0,4.6,5.4,6.8,5.5,6.5,7.4,7.9,2.5,6,8,8.0,6.0,6.0,6.0,6.3,6.0,6.9,7.7
10121439,9.3,8.8,8.8,8.7,8.6,7.4,7.4,7.8,8.8,8.3,7.5,8.9,1.0,8,7,6.0,7.2,9.0,7.0,7.5,9.0,2.5,6.7
10121412,7.0,8.7,8.8,7.8,6.1,5.0,7.0,7.4,8.0,8.0,7.0,8.2,4.0,8,8,6.0,8.0,7.3,8.0,7.3,8.3,7.8,7.2
10121538,7.0,8.3,4.5,7.2,6.4,7.2,5.9,7.5,7.3,5.3,6.3,9.2,2.0,9,8,8.0,6.0,7.3,6.5,7.0,7.5,5.7,5.1
10121581,8.0,6.8,7.5,8.3,6.0,6.1,6.2,7.7,6.8,6.8,6.8,8.4,2.5,9,8,7.0,6.5,7.5,7.8,7.0,7.5,7.3,5.6
10121841,8.2,8.3,8.5,7.5,7.6,6.3,7.4,7.3,7.8,6.8,6.8,8.2,5.5,8,7,7.0,7.0,7.0,7.0,6.3,7.5,8.9,5.5
10121054,7.8,6.9,6.5,4.9,6.3,6.2,7.3,7.6,7.5,7.0,7.5,8.4,5.5,7,6,7.0,7.0,8.3,8.5,8.8,8.3,9.0,6.7
10121049,5.8,6.7,8.3,8.2,6.0,6.0,6.8,7.0,6.8,7.5,5.9,8.1,0.0,8,7,8.0,7.3,8.3,7.3,7.8,6.8,7.5,6.8
10121002,6.9,4.8,7.0,8.3,6.2,5.5,7.3,6.8,7.0,7.3,7.8,8.6,3.0,7,7,8.0,8.0,8.8,8.5,7.0,7.8,6.9,6.3
10121375,6.5,4.3,5.0,7.4,5.5,5.2,6.7,8.3,7.5,6.5,6.2,8.1,1.5,6,8,6.0,3.0,7.3,7.8,7.5,8.5,6.4,4.9
10121659,7.2,7.7,8.0,8.3,6.2,5.3,6.2,6.8,6.8,6.8,6.8,8.2,2.0,9,7,7.0,7.5,7.5,7.0,7.5,7.3,7.2,4.6
10121503,7.7,5.6,7.5,7.0,6.2,6.2,6.5,7.8,7.5,8.0,7.9,8.0,2.0,7,7,7.0,8.3,7.5,6.5,7.5,7.3,5.0,5.2
10121096,7.4,7.2,5.0,6.2,3.7,5.2,6.3,7.2,5.5,6.8,6.9,8.2,0.0,9,9,8.0,8.3,5.0,5.5,6.5,6.8,6.7,6.9
10121499,7.6,8.4,8.3,8.2,6.7,6.2,7.2,7.9,8.0,7.5,6.3,8.3,3.5,8,8,6.0,8.8,6.8,8.0,7.5,8.5,8.0,7.1
10121929,8.4,7.9,8.3,7.3,5.7,6.9,6.2,7.8,7.0,6.3,6.4,8.0,4.0,7,7,6.0,6.7,6.5,7.8,6.8,7.8,7.5,7.6
10121940,8.1,7.3,6.0,7.0,7.3,6.5,6.5,5.8,6.0,6.0,7.3,8.1,5.5,8,9,10.0,6.3,5.5,5.0,7.0,7.8,8.4,7.4
11021108,6.8,7.5,5.8,8.8,7.1,5.9,6.4,8.0,7.5,7.5,6.0,8.3,1.0,9,8,8.0,8.5,8.0,6.8,7.8,8.3,5.2,7.9
10121163,7.5,6.0,7.0,7.5,5.3,5.2,6.4,7.0,7.3,3.3,7.5,7.9,5.0,7,8,8.0,3.3,8.0,7.8,7.8,8.5,6.3,4.6
10121949,5.8,5.1,6.8,7.7,5.0,6.4,5.4,7.1,6.3,5.8,4.9,8.1,0.0,7,7,7.0,7.2,7.3,6.5,7.3,7.0,5.2,5.5
10121136,6.5,6.7,4.5,7.4,4.3,6.5,6.0,6.9,4.5,6.0,5.0,8.1,1.0,5,7,7.0,7.7,6.0,5.5,7.0,7.5,6.7,6.5
10121133,7.2,6.7,7.0,9.0,7.1,7.7,7.2,6.8,7.3,8.0,6.9,8.1,4.5,8,9,7.0,7.5,7.8,7.0,8.0,7.8,7.5,6.9
10121356,7.9,6.1,6.5,7.5,6.2,6.8,5.9,7.3,6.8,5.0,5.5,6.5,2.0,7,6,7.0,6.2,8.0,6.5,6.8,6.0,5.8,4.8
10121171,5.3,4.9,5.0,7.3,0.0,7.0,5.8,7.3,7.0,7.3,6.8,9.0,3.5,8,8,9.0,6.2,7.8,7.0,8.0,7.8,7.5,7.3
10121355,6.5,6.9,6.3,6.5,5.9,5.9,6.2,8.0,7.3,7.0,6.3,6.8,2.5,7,5,8.0,6.9,7.8,7.0,7.8,6.5,7.0,5.4
10121397,8.5,7.4,8.8,6.9,5.9,6.9,6.7,5.8,7.3,6.9,5.8,7.1,0.0,8,7,9.0,7.7,7.5,6.3,6.8,7.5,6.8,7.5
10121321,8.9,7.3,7.8,7.2,5.7,6.0,6.5,9.0,7.8,6.7,6.7,7.7,2.5,6,6,9.0,8.2,7.5,8.8,7.8,7.8,8.1,7.5
10121764,5.0,4.9,5.0,6.3,7.4,7.5,5.7,7.0,6.8,8.5,5.2,8.6,7.5,7,8,7.0,6.7,6.8,6.5,6.8,6.0,7.6,6.4
10121208,8.3,7.4,8.3,8.9,7.4,9.0,6.3,7.5,8.5,8.5,7.9,9.0,2.5,8,7,8.0,8.8,7.0,8.0,8.0,8.8,7.7,7.7
12221052,6.0,5.0,6.3,4.5,7.7,6.1,6.0,5.5,7.0,5.0,5.9,7.7,3.5,6,8,8.0,6.9,7.0,5.3,7.0,6.8,6.9,6.1
10121512,7.3,5.2,6.3,7.8,6.3,7.8,6.3,5.8,6.5,5.0,6.5,8.9,1.5,8,7,7.0,6.8,7.3,6.0,7.8,6.5,6.7,7.0
10121697,4.9,5.3,3.8,7.8,5.7,4.5,5.4,6.8,6.0,6.8,6.0,8.5,0.0,7,7,6.0,5.5,7.8,7.5,7.5,8.3,7.0,6.9
10121598,8.0,6.7,7.5,6.5,6.3,8.0,6.3,7.3,7.5,7.0,6.5,8.8,2.0,8,8,8.0,6.8,8.0,7.3,6.5,8.3,8.2,7.6
10121306,7.5,4.7,5.8,5.5,0.0,6.8,5.9,6.5,6.5,5.8,6.5,8.8,3.0,6,7,7.0,7.8,8.0,7.3,7.3,7.3,6.5,6.8
10121186,7.0,4.8,7.8,7.8,0.0,8.4,6.5,9.0,6.0,5.0,7.8,9.0,1.5,9,8,8.0,2.5,6.8,8.8,7.8,7.0,6.4,7.5
10121815,8.8,8.6,7.5,7.8,7.3,8.0,7.7,7.0,6.8,8.0,7.2,9.2,2.0,7,7,7.0,7.8,7.0,6.5,7.3,7.8,7.6,8.6
10121204,8.8,5.0,5.8,7.5,0.0,8.1,6.3,6.8,6.8,9.8,6.2,8.8,2.5,8,8,6.0,9.5,8.0,8.0,7.5,7.5,7.4,7.7
10121024,7.5,0.0,4.3,7.3,5.8,4.5,0.0,6.3,5.5,2.0,4.8,0.9,0.0,5,0,7.0,6.5,6.0,5.5,5.5,5.0,2.8,6.4
10121696,6.8,5.7,6.8,7.4,6.2,6.1,6.5,5.3,6.5,6.3,7.3,8.6,2.0,6,7,7.0,7.7,5.8,5.0,6.3,6.5,5.7,6.9
10121431,8.5,5.1,9.0,8.5,7.9,7.4,6.3,7.3,6.5,9.3,8.7,7.9,4.5,10,8,8.0,9.4,7.0,7.8,7.8,8.3,8.9,6.6
10621735,6.3,4.5,5.5,6.9,5.3,7.9,5.3,0.0,7.0,5.0,6.8,2.2,1.5,6,7,0.0,7.2,5.8,2.0,6.5,6.3,7.0,5.3
10121968,8.5,7.9,8.8,8.5,8.8,8.6,6.8,8.5,7.0,8.8,7.2,9.3,5.0,7,8,7.0,8.9,8.3,8.3,8.3,8.5,8.3,7.8
10121533,4.3,4.0,5.8,6.4,0.0,5.8,6.0,6.0,7.3,6.9,6.7,8.3,3.0,6,7,8.0,8.5,7.8,6.8,6.5,6.5,6.4,6.3
10121275,6.4,6.7,6.8,6.9,0.0,6.3,5.3,0.0,7.0,5.3,5.3,7.4,2.5,6,0,0.0,7.3,5.8,5.3,7.3,6.3,6.6,6.1
10121194,8.0,5.3,8.3,7.5,0.0,6.5,5.8,0.0,6.5,8.4,6.8,2.6,5.0,7,7,7.0,7.7,5.5,6.5,7.3,8.0,7.7,6.6
10121890,8.0,6.7,8.0,7.0,7.3,7.5,6.8,6.5,7.0,7.3,7.3,8.2,1.5,8,7,9.0,8.4,6.0,6.3,7.0,7.3,6.8,7.2
10121339,9.0,5.7,5.3,7.8,0.0,5.6,5.9,8.3,7.0,8.2,7.0,8.2,5.0,0,8,7.0,7.3,8.3,8.8,6.8,7.3,6.7,7.7
10121461,7.5,5.3,6.0,8.0,8.2,7.7,6.2,7.8,6.5,9.8,5.5,8.6,2.0,8,8,8.0,8.4,7.8,8.3,7.8,8.8,6.5,6.9
10121905,6.3,6.9,6.3,6.5,7.3,6.8,7.5,6.3,7.3,6.4,6.5,9.1,2.0,8,7,10.0,6.3,7.3,6.3,7.5,6.3,7.7,7.3
10121912,7.4,8.0,8.0,6.2,7.6,7.3,6.5,8.3,6.8,7.5,6.9,8.6,5.5,9,7,7.0,7.7,7.0,7.0,7.5,7.0,8.6,6.4
10121170,7.0,4.9,6.5,6.9,7.4,7.9,6.9,5.8,7.0,6.8,6.5,8.1,1.0,7,7,6.0,8.8,8.5,5.8,7.3,6.8,7.1,6.7
10121595,7.5,5.8,6.5,7.5,6.3,7.6,6.4,6.5,7.5,7.3,7.4,8.9,1.5,9,8,9.0,6.4,8.3,7.0,6.5,7.5,8.7,5.1
10121203,8.0,4.8,6.0,6.2,0.0,7.9,7.0,7.3,7.3,7.0,8.0,8.1,2.0,8,7,8.0,7.5,5.5,7.3,7.0,7.0,7.4,7.1
10121184,5.5,4.2,7.8,5.5,0.0,6.4,6.5,5.0,5.8,2.0,7.2,8.4,1.0,7,6,6.0,6.5,7.3,5.3,5.5,6.5,6.4,5.8
12521068,7.3,7.9,8.8,8.4,7.4,8.5,7.0,7.8,7.0,9.5,6.9,9.3,2.0,9,8,6.0,8.2,7.8,7.5,7.8,8.5,7.5,7.0
10121727,6.0,5.2,6.5,7.2,7.0,7.0,5.9,7.3,6.5,7.0,6.9,9.3,2.5,7,8,9.0,7.8,6.0,7.5,7.5,8.0,6.2,6.7
10121162,7.0,4.3,8.3,8.8,6.7,7.0,6.4,6.5,7.3,6.5,8.3,8.9,2.5,7,8,8.0,7.3,7.8,6.8,8.3,7.8,7.6,6.4
10121090,7.3,5.9,7.5,6.5,6.8,7.3,6.2,7.3,7.3,7.0,6.5,8.1,2.0,9,8,8.0,7.2,7.5,6.8,6.5,6.5,7.0,6.9
10121957,7.8,6.2,8.3,8.0,6.5,8.8,7.0,7.8,7.0,8.6,7.3,9.0,3.5,7,8,8.0,7.4,8.3,8.3,8.0,8.8,7.0,7.4
12521106,6.9,7.2,9.0,7.4,6.9,7.7,7.3,7.3,8.3,8.5,6.4,9.4,7.0,9,7,6.0,8.0,7.5,9.0,8.0,7.8,7.9,7.1
10121741,7.3,7.0,4.8,6.4,7.0,7.3,7.4,7.0,7.8,5.8,6.3,9.4,3.0,8,9,8.0,6.9,7.3,6.5,7.3,7.0,6.9,7.9
10121750,7.7,7.2,7.0,5.7,6.4,7.4,6.4,7.3,7.0,7.5,7.0,9.3,3.5,7,8,7.0,2.8,6.5,6.3,7.3,7.5,7.1,7.4
10121382,8.4,4.5,7.0,7.7,5.4,5.8,5.5,6.9,5.8,7.0,7.0,8.6,5.0,0,7,6.0,6.9,7.5,6.0,8.0,5.5,6.5,6.1
10621254,7.5,6.4,6.3,8.3,6.8,5.8,6.9,6.9,6.5,5.8,8.5,8.9,2.0,8,9,9.0,2.5,6.0,6.3,5.5,6.3,6.3,2.8
10121570,5.7,6.8,6.8,7.9,6.0,5.5,4.4,6.8,6.3,5.0,4.3,8.8,1.0,7,7,6.0,0.0,7.5,5.3,6.5,7.3,6.8,6.4
10121780,7.4,7.8,5.8,6.3,5.8,7.0,7.2,7.5,6.5,6.3,5.7,9.1,0.0,8,7,7.0,6.0,6.8,7.3,7.5,7.0,5.6,7.9
10121796,7.8,5.5,8.3,6.8,5.8,7.2,7.4,7.0,7.3,7.9,5.2,9.2,2.5,6,7,8.0,8.4,8.8,7.3,8.3,7.5,6.5,8.5
10121798,7.3,7.7,7.5,8.2,6.4,7.4,7.5,7.5,7.0,7.0,6.7,9.1,2.5,9,8,6.0,7.9,8.0,8.5,8.3,7.3,5.5,7.5
10121112,7.5,6.4,8.3,8.7,6.3,7.1,6.5,6.8,7.5,5.3,6.3,8.9,2.0,6,9,7.0,6.0,6.3,6.0,7.3,7.3,6.3,7.3
10121812,6.8,6.7,6.3,6.0,6.2,6.7,5.7,6.7,6.3,6.3,5.9,8.7,7.5,7,7,0.0,7.7,6.0,7.3,7.3,6.3,7.2,1.7
10121821,6.8,8.1,8.0,7.3,6.9,7.8,7.0,7.4,7.3,10.0,7.0,9.0,0.0,6,9,8.0,8.8,7.3,6.8,6.5,7.3,7.1,6.5
10121832,7.3,6.7,4.5,5.8,6.0,7.4,6.8,6.0,7.3,5.8,7.3,9.0,5.0,6,7,5.0,6.7,6.0,6.5,8.3,5.8,6.2,6.9
10121014,8.2,7.3,7.5,8.6,6.2,5.5,4.3,7.3,6.8,2.0,8.0,8.0,1.0,8,9,6.0,6.9,7.8,6.5,6.5,7.3,6.0,7.7
10121842,7.8,6.8,6.0,6.2,4.3,7.6,6.2,7.0,7.0,5.8,6.9,9.1,3.0,7,7,6.0,6.0,7.5,7.0,7.3,6.5,6.1,7.7
10121845,6.5,6.8,5.8,5.7,5.4,6.5,6.4,7.0,7.8,7.3,5.2,9.2,1.0,7,8,6.0,6.8,8.0,6.0,7.3,4.8,6.2,6.7
10121857,8.0,8.2,5.0,6.7,5.5,8.1,6.8,7.8,6.5,8.8,6.4,9.5,2.0,6,8,8.0,7.5,6.8,6.3,7.3,7.0,7.2,7.1
10121359,8.0,5.0,6.3,8.3,7.4,6.4,0.0,7.1,6.8,2.0,8.0,8.1,3.5,7,7,7.0,2.5,5.8,6.0,6.5,7.0,6.0,1.0
10121111,5.6,5.5,3.3,8.2,6.4,5.3,4.0,7.0,5.3,1.5,5.5,8.0,3.0,6,8,6.0,6.8,5.5,6.0,5.5,6.8,6.1,6.5
10121874,6.9,6.6,6.5,5.2,6.9,6.6,6.5,7.3,7.0,7.0,6.9,9.4,0.0,7,8,6.0,7.3,7.3,6.3,6.5,6.3,6.5,6.9
10121876,5.3,6.7,8.3,7.0,7.4,7.9,5.7,6.8,7.3,4.0,8.0,9.1,3.5,7,9,6.0,7.8,8.0,6.3,5.5,6.5,6.5,6.9
10121973,6.7,7.9,9.0,6.9,6.8,7.7,8.2,7.3,7.8,6.5,8.2,9.4,2.5,9,8,7.0,8.5,8.5,8.3,7.5,7.0,6.3,8.2
10121887,7.3,5.7,4.5,3.5,5.3,7.0,5.5,7.3,6.5,6.5,4.5,9.3,0.0,8,7,9.0,7.3,6.3,7.5,6.5,6.0,6.5,7.1
10121116,7.3,7.7,6.8,3.9,7.0,8.2,7.0,7.5,7.0,5.0,8.3,8.9,2.0,8,8,8.0,7.0,7.0,5.8,6.5,7.5,7.0,6.3
10121323,9.3,7.2,7.5,8.8,5.5,6.5,0.0,0.0,7.0,2.0,7.5,8.3,1.0,8,8,6.0,2.0,7.8,7.0,6.5,7.0,6.1,7.9
10121213,7.4,6.8,6.8,6.8,6.5,6.3,5.0,7.7,7.5,5.5,7.5,9.1,1.0,6,8,6.0,8.0,5.5,5.0,5.5,6.0,6.7,6.9
10121100,8.8,5.8,8.3,8.0,7.9,7.0,0.0,6.8,7.0,5.0,7.8,9.1,2.5,8,8,7.0,8.0,6.8,5.0,8.3,8.3,7.0,7.6
10121907,8.5,9.0,8.5,7.0,7.9,9.5,7.8,7.5,8.0,9.3,7.5,9.2,6.0,8,8,5.0,7.9,8.3,7.5,8.3,8.5,8.2,8.5
10121960,9.8,9.9,8.8,8.4,7.0,6.5,3.9,7.8,7.0,2.8,8.0,9.6,1.5,8,8,10.0,7.7,8.5,7.5,7.8,8.3,6.8,7.4
10121097,6.6,6.9,8.0,6.5,6.9,6.0,0.0,6.0,7.3,6.5,6.3,9.2,1.0,8,8,8.0,6.7,6.8,4.5,5.5,6.0,6.6,6.5
10121956,7.0,7.1,8.3,7.3,5.4,5.6,6.2,7.5,7.0,6.5,6.8,9.3,2.5,8,8,7.0,6.3,6.0,5.8,7.5,6.8,6.1,7.7
10122013,7.8,7.0,7.5,5.5,5.3,6.5,6.4,6.5,7.4,5.8,7.0,8.3,7.0,8,7,7.0,7.3,7.3,6.3,6.0,5.9,7.4,7.3
10122051,9.1,8.4,8.8,6.5,7.2,6.1,5.8,8.5,8.0,7.3,7.5,8.9,7.5,9,6,9.0,8.3,7.8,7.7,7.5,8.2,8.0,8.5
10122075,7.6,6.5,6.8,7.2,5.7,6.1,6.6,6.8,8.0,6.3,7.0,8.7,6.5,7,6,7.0,7.0,7.0,7.6,6.3,7.8,7.3,7.1
10122082,6.2,7.6,8.0,7.5,7.9,7.9,7.2,7.8,8.3,8.8,8.4,8.6,6.5,9,7,9.0,8.0,8.0,7.3,7.8,8.8,8.1,6.7
10122106,7.7,7.9,9.0,6.7,5.5,8.2,6.9,8.5,7.8,6.8,6.9,8.4,6.5,6,7,6.0,7.0,6.3,8.4,8.5,7.4,7.0,8.3
10122108,7.3,8.3,7.8,7.2,6.7,5.8,7.1,7.8,6.3,6.5,7.7,8.3,6.5,9,7,8.0,7.3,6.5,7.3,7.0,6.7,7.0,6.3
10122112,8.9,8.9,7.8,6.8,7.6,7.8,6.9,7.3,8.0,8.0,7.8,8.7,6.5,9,6,9.0,8.3,7.3,7.8,7.8,8.4,7.3,7.4
10122132,6.3,8.4,7.3,6.9,5.6,5.3,6.9,9.3,7.3,8.2,8.0,9.0,7.5,7,7,9.0,8.0,7.5,8.4,7.5,7.5,8.1,7.6
10122133,6.0,8.7,8.0,6.5,7.4,8.3,6.0,8.0,7.0,8.3,7.8,8.0,6.5,8,9,9.0,7.5,8.5,7.5,8.3,8.0,6.9,8.7
10122136,7.2,0.3,6.3,5.9,5.4,1.0,6.1,0.0,5.5,6.3,6.5,8.4,6.5,7,8,7.0,5.0,7.5,7.1,6.5,6.3,8.7,6.6
10122143,7.7,7.3,8.5,7.2,5.9,6.3,6.5,8.0,7.5,6.0,6.8,8.8,7.0,8,8,6.0,6.8,8.3,7.0,6.5,6.7,6.6,7.0
10122203,8.4,8.8,9.0,8.3,7.7,9.5,7.7,7.3,7.0,8.3,8.8,8.5,6.5,8,7,9.0,7.9,7.8,7.3,6.8,7.2,6.9,7.2
10122220,8.8,7.4,9.3,7.3,5.3,6.3,6.6,6.0,6.8,7.8,6.8,8.4,7.0,7,4,8.0,6.8,6.8,8.4,6.5,7.0,8.1,9.1
10122231,7.2,7.9,8.8,7.5,7.0,6.8,7.5,7.3,7.5,6.8,7.8,8.5,8.0,9,6,6.0,7.7,7.3,7.2,7.5,7.2,7.9,7.3
10122236,6.5,7.5,6.0,6.5,5.4,5.0,6.4,5.8,7.5,7.0,7.3,8.0,6.5,9,6,6.0,5.4,6.5,6.3,7.0,5.7,5.7,8.1
10122255,5.8,7.2,6.8,6.8,6.5,6.8,5.4,5.5,7.0,5.0,6.8,8.2,7.0,8,6,6.0,6.9,6.3,6.4,6.8,5.8,7.4,8.7
10122257,7.3,7.0,7.3,5.9,6.3,6.9,5.7,5.5,6.5,5.0,7.8,8.3,8.5,8,5,7.0,7.9,6.0,7.0,6.5,6.5,6.3,8.3
10122275,6.8,7.3,6.8,6.4,6.0,9.0,5.9,6.3,6.5,8.3,7.4,8.2,6.5,9,7,6.0,7.7,6.8,6.0,7.3,6.9,7.3,6.8
10122425,8.6,5.8,7.5,5.7,7.1,7.4,6.0,7.8,7.5,8.2,7.0,8.5,7.0,8,8,8.0,6.3,7.8,8.8,7.8,7.9,5.2,6.2
10122309,7.5,7.7,6.0,6.9,6.8,7.3,7.1,6.0,7.0,6.8,8.5,8.4,6.5,8,9,6.0,7.4,6.5,7.9,7.5,8.2,4.9,7.1
10122318,7.5,6.3,6.0,7.0,6.2,7.9,7.2,6.3,7.7,5.8,7.1,8.4,7.0,8,6,7.0,8.0,8.5,6.0,6.0,6.5,7.1,6.1
10122320,8.9,6.3,6.3,5.2,7.9,1.5,7.1,5.3,5.5,5.5,6.9,8.2,4.5,7,7,6.0,6.8,7.0,6.3,6.3,5.9,7.5,7.8
10122321,8.2,9.6,7.0,7.2,7.7,7.8,7.8,7.5,8.5,8.5,7.5,8.5,7.0,8,8,7.0,9.0,8.8,6.2,8.5,8.0,8.2,7.7
10122322,9.3,6.4,7.0,5.5,8.5,6.0,7.4,6.3,5.8,5.5,6.4,8.9,6.5,8,7,7.0,7.0,7.7,6.3,7.5,7.3,6.9,6.3
10122323,7.3,6.9,7.5,7.0,5.7,7.1,5.6,6.8,6.3,5.3,7.0,8.7,7.0,8,6,7.0,7.4,9.0,8.4,6.8,7.2,7.0,7.3
10122334,7.3,7.5,6.5,7.0,5.0,6.0,5.8,8.0,5.8,7.8,7.3,8.9,6.5,7,7,7.0,6.7,7.2,6.7,6.5,6.2,6.8,6.4
10122356,7.2,7.3,7.0,8.4,5.9,6.0,7.6,6.3,6.8,7.5,8.0,9.2,6.5,8,9,8.0,8.0,7.9,5.7,8.5,8.2,7.5,7.4
10122365,6.7,6.1,6.3,5.5,6.6,8.2,6.4,7.3,7.5,7.0,7.4,8.3,6.5,8,5,8.0,7.4,8.0,7.3,8.0,7.4,7.2,7.1
10122391,7.5,7.8,6.8,6.5,6.1,5.0,6.4,7.0,7.3,6.4,7.4,8.0,7.5,10,7,8.0,6.5,7.3,6.5,6.0,6.3,6.5,7.6
10122401,6.8,8.9,8.0,6.8,7.2,7.5,6.6,6.5,7.8,6.8,8.8,8.1,7.0,8,8,8.0,7.4,8.7,7.7,7.0,6.8,6.7,6.2
10122406,8.7,6.7,6.5,6.9,8.0,7.4,5.6,5.8,5.8,5.5,6.0,8.0,6.5,9,6,7.0,7.3,6.9,5.3,6.5,6.2,7.2,3.4
10122409,6.7,7.3,7.3,6.0,5.8,6.0,6.0,6.5,6.5,6.3,7.8,8.2,7.0,9,8,8.0,7.5,7.0,5.9,8.8,6.5,6.5,5.8
10122414,7.3,8.3,6.5,5.8,6.1,7.0,5.8,6.8,7.0,6.3,8.5,8.4,8.0,8,8,6.0,7.9,8.3,7.3,7.3,7.2,6.3,8.9
10122416,9.4,5.8,9.3,6.5,5.6,7.5,6.6,5.5,7.0,7.3,6.8,8.4,7.0,7,8,7.0,7.7,6.8,6.3,7.0,6.8,4.9,8.6
10122423,8.3,5.8,6.3,7.2,7.0,6.0,6.4,7.0,7.8,6.0,7.2,8.2,7.5,6,7,7.0,7.3,7.2,7.7,7.3,7.7,8.1,7.0
10122002,7.8,6.4,6.8,6.9,6.2,6.9,7.8,7.5,7.5,5.0,7.5,8.2,6.5,8,9,8.0,7.0,6.4,6.3,8.3,7.5,6.8,7.4
10122016,7.5,7.0,7.0,6.3,8.2,6.9,7.1,7.5,7.2,6.8,6.0,8.1,6.5,8,8,6.0,7.0,7.0,6.9,6.8,6.5,6.6,6.2
10122028,8.5,8.5,5.0,5.8,8.6,5.5,7.8,7.8,6.5,7.5,7.2,8.2,6.5,4,9,7.0,6.4,7.0,7.8,0.0,5.8,6.8,7.6
10122039,7.4,7.9,7.0,6.9,6.9,6.1,7.2,8.8,7.5,5.5,7.5,8.7,6.5,9,7,8.0,7.3,7.8,7.2,8.0,7.8,7.3,7.6
10122054,7.2,8.4,6.0,7.7,6.4,5.8,7.5,6.5,7.8,7.3,7.3,8.4,7.5,9,8,9.0,7.7,7.8,7.4,7.5,8.7,7.2,7.7
10122062,6.4,5.9,5.8,6.5,5.2,6.1,6.6,7.0,7.0,7.8,6.8,8.6,7.0,7,7,7.0,6.8,6.2,7.0,6.5,6.4,7.8,7.1
10122080,8.0,8.3,7.3,5.0,5.4,5.5,5.8,6.0,5.4,5.5,7.6,7.8,5.0,8,8,9.0,6.0,7.7,5.8,5.0,6.3,6.5,8.5
10122113,9.3,9.1,7.8,5.8,7.0,7.0,8.7,6.8,6.8,7.3,8.0,8.0,7.5,8,8,8.0,8.0,7.5,7.0,6.8,6.4,7.8,8.9
10121715,6.0,5.8,5.8,6.2,8.5,6.4,7.5,6.5,6.5,6.3,6.5,8.2,7.0,9,8,9.0,6.9,5.3,5.8,7.0,5.5,6.8,7.1
11022326,9.4,9.3,7.3,7.5,6.5,6.9,7.4,6.8,7.3,7.3,9.0,8.8,8.0,8,8,8.0,8.7,7.9,6.7,7.0,8.2,8.0,7.2
10122145,5.5,8.3,8.0,5.9,5.4,7.0,7.8,7.5,7.5,5.0,8.2,8.2,7.5,9,9,8.0,7.7,7.0,6.9,6.5,6.7,8.0,7.8
12521084,7.5,7.4,4.0,6.5,9.1,6.9,6.6,7.3,7.3,2.5,7.5,8.5,6.5,5,6,8.0,6.0,7.8,7.7,7.0,6.0,7.1,8.6
10122237,6.5,8.5,6.3,7.5,5.5,7.0,6.4,6.5,6.8,5.0,7.2,8.5,7.0,8,6,8.0,8.7,7.3,6.8,5.8,5.7,7.8,7.7
10122259,8.1,5.6,6.8,5.9,7.2,5.5,5.2,7.0,7.3,6.8,6.3,8.6,7.5,9,7,9.0,8.2,8.3,6.5,7.8,7.0,7.5,7.9
10122263,6.9,8.8,8.0,6.4,8.0,6.5,6.4,7.3,7.0,7.3,8.8,8.6,7.0,9,7,6.0,7.8,8.3,7.8,7.3,7.5,8.1,7.1
10122266,4.8,5.2,6.8,5.7,5.3,6.3,7.2,5.8,6.5,7.4,7.2,7.9,7.5,8,9,7.0,7.4,7.4,7.2,7.5,6.7,1.8,7.3
10122269,7.3,7.4,8.3,6.5,7.5,7.2,6.2,7.3,6.8,8.0,5.9,7.8,8.5,8,6,7.0,8.3,7.0,6.0,6.3,6.8,7.9,6.3
10122274,9.5,8.6,7.8,6.7,6.2,6.8,7.4,7.8,7.5,7.0,8.5,8.7,7.5,9,6,9.0,9.3,8.5,6.9,8.5,8.8,7.7,7.4
12522073,9.4,6.9,7.3,6.2,5.9,6.3,7.8,8.3,7.5,7.0,7.4,8.7,7.5,8,8,9.0,8.8,7.3,6.6,7.5,7.9,7.7,6.5
10122276,6.8,6.9,7.5,6.5,6.3,4.5,6.4,6.8,7.5,2.5,7.7,8.3,8.0,9,6,7.0,8.3,7.5,6.8,5.8,6.2,5.9,7.2
10122279,7.7,7.2,6.5,5.9,7.1,5.7,3.4,5.8,6.0,7.4,5.8,8.4,0.0,9,2,6.0,7.7,7.5,5.8,5.8,6.9,7.8,5.7
10122288,7.3,7.5,8.3,5.2,5.8,5.0,7.1,6.5,5.8,6.0,7.0,8.0,7.0,7,7,7.0,8.3,7.0,6.3,5.8,5.7,6.7,7.0
10122293,7.3,7.8,6.5,6.8,5.7,6.3,3.6,5.8,6.5,6.5,8.3,8.0,7.0,9,8,9.0,7.3,7.5,6.5,7.3,5.7,5.9,7.4
10122294,8.5,8.1,6.8,6.3,7.0,7.0,5.8,8.3,7.0,7.0,7.8,8.2,7.0,8,6,9.0,6.8,8.3,8.1,6.5,5.7,7.9,6.7
10122304,6.8,6.3,5.5,7.7,6.1,7.3,7.2,7.8,7.8,9.5,8.6,8.8,7.0,8,6,8.0,8.3,8.0,6.8,8.0,6.4,7.4,6.1
10122308,9.1,7.9,8.8,7.3,7.3,6.8,7.4,6.5,7.5,5.8,6.8,8.4,7.5,8,9,8.0,8.0,8.5,6.1,6.8,7.3,5.9,7.1
10122315,8.5,7.7,8.0,6.8,6.8,7.3,7.0,8.5,8.5,7.8,7.8,8.5,7.5,9,8,9.0,8.8,8.8,7.8,7.5,8.3,7.7,8.2
10122355,7.3,7.0,7.2,6.2,7.1,6.4,8.8,7.5,6.8,5.5,6.3,8.5,7.0,9,6,9.0,8.0,7.9,8.0,6.3,6.3,6.8,6.2
10122374,7.9,7.8,7.8,6.5,7.6,6.6,8.7,6.3,7.3,6.3,8.3,8.7,7.5,9,7,9.0,8.4,7.5,7.3,7.0,6.8,8.1,5.9
10122375,6.4,6.6,7.0,6.6,6.0,5.7,5.9,6.5,7.5,7.0,7.5,8.8,7.5,8,6,9.0,9.0,8.5,7.5,9.0,6.9,8.0,6.8
12522100,8.3,8.5,6.5,6.8,6.3,8.0,7.8,6.8,7.3,7.8,7.0,8.0,7.0,7,8,9.0,8.3,7.8,6.1,6.0,8.4,8.3,7.5
10122412,6.0,6.9,7.3,6.7,4.8,5.6,7.1,6.5,8.5,7.0,7.3,8.3,6.5,6,8,9.0,7.8,7.0,7.5,6.0,6.4,7.5,6.5
10122004,6.7,7.4,6.8,6.2,6.4,5.6,7.1,7.0,7.8,8.2,7.3,8.5,7.5,8,6,9.0,8.5,7.5,6.9,7.0,7.6,8.0,7.5
10122006,6.8,8.9,7.4,8.4,7.7,6.8,7.6,7.5,8.0,6.5,8.0,8.5,7.5,8,7,8.0,7.4,7.7,6.9,6.3,7.2,6.3,7.0
10122009,6.0,5.9,6.4,7.5,8.1,7.8,7.8,7.3,6.8,6.0,6.8,8.2,6.5,7,8,6.0,6.5,7.5,5.5,5.5,7.8,8.2,8.0
10122015,7.9,6.7,7.3,6.4,6.1,9.2,7.0,7.8,7.5,6.5,7.8,8.1,6.5,7,8,9.0,7.3,6.8,8.2,6.5,6.7,6.6,6.6
10122022,8.3,8.1,5.3,7.7,6.7,5.7,6.4,7.8,8.5,8.0,6.5,8.2,7.5,9,6,9.0,7.2,8.5,8.3,8.0,8.2,6.3,6.5
10122034,7.8,9.4,7.8,6.3,7.8,8.5,7.5,8.0,8.3,9.0,7.8,8.7,7.0,8,8,9.0,8.8,9.0,7.5,8.3,8.8,8.0,9.0
10122036,6.8,7.2,8.0,6.8,5.4,6.8,7.6,7.3,7.3,6.0,7.5,8.4,7.5,9,8,9.0,7.5,7.0,6.4,7.5,7.0,7.2,7.3
10122043,9.7,9.5,9.5,7.4,8.4,8.4,7.9,8.8,8.8,8.5,8.8,8.2,6.5,9,9,9.0,9.3,8.9,8.0,8.8,8.8,7.8,8.2
10122046,8.8,10.0,9.5,7.4,8.0,8.7,7.3,8.8,9.0,9.0,7.5,8.8,7.0,8,6,9.0,9.3,9.2,7.0,9.0,8.8,8.6,7.4
10122047,6.3,9.2,6.5,7.0,5.4,5.8,7.2,6.8,8.3,6.3,6.5,8.3,7.0,9,6,8.0,7.0,6.8,6.4,7.0,2.5,6.9,7.0
10122056,6.4,8.0,5.5,7.5,5.7,8.0,8.2,6.8,7.0,8.0,7.4,8.4,8.0,7,8,8.0,7.5,6.4,5.9,7.0,6.4,8.7,6.7
10122058,5.2,5.9,0.5,5.9,5.5,6.0,7.9,6.8,5.5,0.0,6.2,8.0,6.5,8,2,7.0,7.5,6.4,6.9,6.8,6.9,6.6,6.5
10122066,6.3,5.8,6.8,5.3,4.6,7.1,5.9,8.3,8.3,8.4,7.8,8.3,7.0,9,7,8.0,8.3,8.8,7.3,8.5,8.5,6.5,7.6
10122070,6.9,6.9,7.8,5.5,6.7,7.6,7.6,7.3,8.5,5.0,6.5,8.7,7.5,7,8,8.0,7.8,8.3,7.0,7.5,7.3,6.9,7.2
10122072,8.9,8.6,8.5,7.0,6.5,6.0,6.0,8.3,7.0,7.3,7.8,8.8,6.5,8,8,9.0,7.3,8.0,7.3,7.0,7.4,7.4,7.2
10122078,7.8,8.0,8.3,7.8,6.7,7.9,7.6,6.8,8.3,8.5,7.7,8.6,7.5,8,7,9.0,7.0,8.3,7.8,8.0,8.0,8.2,7.7
10122100,6.7,8.0,8.0,5.3,6.5,7.8,7.9,8.0,8.3,5.5,8.8,8.6,7.5,8,9,8.0,7.3,7.5,7.9,8.3,8.5,8.1,7.6
10122086,7.5,7.7,7.8,6.5,7.2,5.5,6.2,7.0,7.5,7.8,7.2,8.7,7.5,8,6,9.0,8.5,8.5,7.5,7.3,6.7,7.6,6.9
10122089,6.9,7.4,7.0,6.7,6.3,5.3,6.3,7.0,7.8,6.6,7.0,8.3,7.5,6,5,8.0,7.5,6.8,5.5,5.8,6.7,8.2,6.9
10122092,6.5,7.7,7.8,6.0,5.7,5.9,6.4,6.3,8.8,5.8,8.4,8.8,6.5,8,7,7.0,7.5,8.3,6.5,8.0,6.7,7.8,7.0
10122114,7.8,8.1,7.3,6.7,5.3,8.4,7.4,8.0,7.8,6.5,7.4,8.5,7.0,8,9,6.0,7.8,6.3,7.1,6.8,6.9,6.3,7.8
10122118,6.8,7.2,6.3,6.9,5.7,6.7,6.8,8.5,6.3,7.0,7.4,9.0,7.0,7,7,9.0,8.0,7.0,7.5,8.0,7.9,7.0,7.7
10122142,7.1,8.5,7.0,7.3,8.1,5.9,7.4,7.0,7.5,5.5,5.9,8.5,7.5,8,8,8.0,8.0,7.0,7.5,7.8,8.0,7.9,7.9
10122153,6.9,5.5,6.8,5.8,6.6,7.5,6.4,6.5,8.0,6.3,5.8,7.8,8.0,8,6,7.0,6.8,6.7,6.5,6.8,6.2,8.4,7.1
10122150,9.5,9.1,8.5,8.7,8.6,9.1,8.3,7.0,8.3,8.8,7.8,9.2,7.5,9,8,9.0,7.3,9.2,8.0,7.8,8.3,8.1,8.4
10122156,6.0,6.0,7.8,5.7,5.4,3.2,7.3,7.0,7.3,1.5,6.4,7.9,7.0,8,6,8.0,6.5,7.0,7.0,6.5,6.4,6.6,7.3
10122158,8.9,7.5,6.3,6.5,7.6,5.7,7.4,7.8,5.8,1.5,8.2,8.2,7.0,9,8,9.0,6.5,8.4,6.3,5.5,7.7,7.9,6.4
10122161,8.8,7.4,6.3,6.6,7.0,5.5,7.3,7.3,7.5,6.9,6.5,7.8,6.5,8,7,9.0,7.0,7.7,7.3,6.5,6.5,6.9,7.3
10122205,7.2,9.8,8.3,6.5,6.6,9.3,7.3,8.0,7.3,7.8,9.0,8.6,7.5,8,9,8.0,8.3,8.3,7.8,8.0,8.4,7.3,6.9
10122209,8.2,2.7,5.0,5.9,5.5,6.0,7.2,7.3,6.0,6.5,7.4,7.5,6.5,7,5,7.0,7.3,6.8,6.8,5.5,5.7,7.3,7.5
10122242,10.0,8.3,7.0,8.4,6.4,7.1,6.9,6.0,8.0,7.8,7.5,8.8,7.5,9,8,9.0,2.5,8.8,8.0,7.5,2.7,5.4,5.8
10122249,7.5,6.3,5.3,7.7,5.5,6.8,6.1,5.5,7.3,6.9,7.3,8.5,6.5,9,6,9.0,7.3,7.0,5.9,7.0,6.9,7.2,6.1
10122253,6.7,8.2,6.3,6.3,5.8,5.5,6.5,5.5,6.5,6.3,6.5,8.4,8.0,9,8,8.0,7.8,6.0,6.0,6.8,6.2,7.2,7.3
10122258,8.4,8.3,8.3,6.4,6.0,5.5,7.5,6.8,6.8,7.8,7.8,8.2,6.5,8,8,8.0,8.7,7.0,6.8,7.5,8.2,7.0,9.0
10122301,7.6,6.8,7.5,5.5,8.3,5.2,6.9,6.8,7.8,5.5,7.0,8.5,7.5,8,9,9.0,7.3,7.4,6.5,7.0,7.3,7.8,6.8
10122307,7.3,8.3,7.3,7.0,7.3,6.0,8.2,8.8,8.8,8.0,8.3,8.5,7.0,8,9,9.0,8.8,9.2,7.9,8.8,8.9,7.7,7.7
10122317,6.2,7.0,5.0,7.8,6.9,7.0,6.4,7.0,7.3,7.5,7.4,8.7,7.0,7,7,8.0,8.0,7.4,6.1,6.5,6.9,7.4,5.9
10122332,7.0,8.3,8.0,8.8,6.8,6.5,6.8,7.8,7.0,6.5,7.5,8.9,6.5,8,9,8.0,8.4,8.3,7.2,7.8,8.0,7.1,7.5
10122333,7.7,6.5,6.5,7.0,7.7,6.5,7.6,7.5,6.5,9.5,7.7,8.8,7.5,8,9,7.0,8.5,8.5,6.8,8.3,8.3,7.6,7.3
10122343,7.4,8.7,8.5,8.0,7.6,8.5,6.7,7.3,7.8,9.0,8.3,8.5,7.5,6,9,9.0,8.7,8.5,7.6,7.5,7.8,8.6,8.0
10122344,7.9,9.7,7.5,7.7,7.1,6.5,6.8,9.0,7.8,8.5,8.5,8.5,6.5,8,9,9.0,8.4,7.8,7.5,7.5,7.8,6.3,6.7
10122358,7.6,6.4,7.8,5.9,8.0,6.2,7.3,6.8,7.3,7.3,7.8,8.1,7.5,7,7,7.0,7.0,7.7,5.5,7.0,6.2,6.9,7.4
10122364,6.5,6.4,7.3,5.5,6.7,6.5,7.9,7.0,8.8,8.3,8.3,8.9,6.5,8,7,9.0,8.3,8.0,7.5,7.8,7.5,8.5,7.4
10122363,7.2,6.0,7.3,5.5,7.6,6.1,6.4,7.3,8.3,6.5,7.8,8.5,7.0,8,7,7.0,7.3,7.0,8.0,6.5,7.5,7.6,6.7
10122371,6.9,7.1,6.8,6.9,5.6,5.2,5.9,6.8,6.5,5.5,7.2,8.4,7.0,8,6,7.0,8.0,7.0,5.3,5.5,7.4,7.2,7.9
10122398,6.8,7.7,6.8,7.0,5.2,5.0,5.8,7.3,7.3,5.5,7.8,8.0,6.5,9,7,9.0,6.2,7.5,7.6,8.0,6.4,7.0,6.7
10122420,8.2,8.2,7.8,6.0,6.2,6.5,6.8,8.0,7.5,7.3,8.3,8.4,6.5,8,6,8.0,8.2,8.3,7.0,8.0,7.7,7.0,6.7
10122422,7.8,7.0,5.0,5.7,6.6,5.3,6.9,7.5,8.0,8.8,6.3,8.4,6.5,8,6,9.0,8.4,8.3,8.1,8.5,8.0,6.5,7.8
10123103,5.8,5.7,3.5,6.1,1.2,2.7,6.0,2.8,3.0,2.5,6.0,7.0,6.5,7,6,8.0,0.0,1.6,6.0,3.5,0.0,5.8,3.4
10123018,6.8,6.8,0.0,7.3,1.0,5.5,5.9,0.0,5.4,2.5,6.5,7.4,0.0,8,7,7.0,0.0,0.0,1.9,0.0,0.0,0.0,3.1
10123093,5.4,6.5,2.5,5.8,1.2,1.5,7.3,6.8,6.1,7.3,2.8,6.3,0.0,7,7,6.0,0.0,1.5,7.3,6.5,2.5,0.0,7.6
10123192,5.7,1.0,0.0,6.7,6.7,7.0,0.0,7.3,3.1,8.8,3.7,8.4,7.0,7,7,8.0,0.0,8.5,1.5,7.4,6.8,4.8,4.9
10123322,0.0,0.0,0.0,4.2,7.8,8.0,6.0,6.8,3.1,5.5,2.0,8.7,0.0,7,6,6.0,5.8,8.0,6.3,3.8,2.5,3.7,6.1
10123214,6.7,3.9,6.5,8.0,7.1,5.4,4.3,6.8,5.8,4.5,5.8,7.6,7.0,7,8,6.0,6.2,7.6,6.3,6.8,7.3,5.9,7.6
10123336,7.2,3.4,5.0,7.3,7.3,2.8,7.0,5.5,6.3,2.5,5.3,8.0,8.0,7,7,6.0,5.5,8.0,6.5,8.3,7.0,7.1,4.6
10123051,7.9,3.8,3.5,7.8,7.0,5.0,4.6,7.0,5.0,6.0,6.8,7.1,0.5,8,7,6.0,6.9,6.9,6.8,7.0,5.8,6.7,8.0
10123091,7.7,6.8,8.8,7.7,0.0,7.0,6.9,0.0,5.5,4.8,6.5,8.5,0.0,8,8,8.0,6.4,7.8,6.2,7.5,7.3,5.9,7.8
10123114,8.2,5.2,8.3,6.2,6.7,5.8,6.6,7.5,3.2,4.3,4.3,7.8,7.0,7,7,6.0,7.4,8.2,7.2,7.9,6.0,5.8,6.9
10123012,6.8,5.0,5.0,6.7,6.7,6.0,5.8,6.0,7.6,2.5,6.3,8.6,7.0,8,8,7.0,7.9,6.8,7.0,6.8,6.2,5.4,7.7
10123022,6.3,0.9,0.0,5.8,6.9,6.0,4.3,7.0,7.8,7.4,4.7,8.1,6.5,7,8,8.0,6.2,8.5,5.8,7.0,7.4,7.4,7.3
10123076,7.3,6.4,2.5,7.3,6.0,0.5,7.0,7.8,7.5,7.8,5.5,8.3,6.5,7,0,0.0,6.9,7.4,8.2,7.0,0.0,8.2,6.7
10123106,5.5,7.2,7.0,6.2,5.8,6.9,5.3,7.0,2.4,5.8,4.8,8.7,7.5,7,7,6.0,7.8,6.7,6.7,6.5,6.5,6.9,7.8
10123362,7.0,7.9,6.0,8.3,7.1,5.5,6.9,3.0,2.3,7.5,4.3,7.0,6.5,10,6,6.0,5.0,6.4,7.5,6.8,7.0,6.0,8.8
10623022,8.4,7.2,0.0,6.4,5.6,6.0,5.7,7.3,7.2,4.5,5.2,8.4,7.0,10,8,6.0,8.3,8.0,7.3,7.4,6.5,7.4,8.2
10123011,7.0,5.3,5.5,7.0,7.5,7.5,6.8,7.8,7.6,6.2,6.3,7.0,7.5,6,4,7.0,7.7,7.3,5.8,7.8,6.8,7.2,7.1
10123032,7.0,6.4,5.0,5.9,5.9,5.8,6.0,7.5,7.1,7.3,6.5,8.8,6.5,7,3,7.0,7.3,8.2,5.8,8.3,7.3,2.5,6.9
10123217,4.0,1.0,5.0,5.0,6.8,6.5,6.5,6.8,7.6,6.5,6.0,8.9,7.5,8,7,7.0,7.0,8.4,6.8,7.4,7.2,5.4,6.3
10123155,6.9,7.2,4.8,6.5,5.7,6.0,6.2,7.5,7.6,6.0,5.3,7.7,7.0,7,7,5.0,7.0,7.6,6.5,6.9,7.0,5.8,6.1
10123118,6.3,7.1,7.5,5.5,7.0,6.8,6.2,6.8,7.0,4.5,5.3,7.9,6.5,7,9,6.0,7.2,8.0,7.3,6.8,6.5,5.4,7.2
10123212,6.3,6.5,7.0,7.7,7.2,6.0,7.7,6.5,7.2,4.5,5.2,8.7,7.0,8,6,5.0,5.9,7.8,5.8,7.0,5.8,5.4,7.6
10123221,7.5,7.5,7.3,7.0,7.4,7.3,6.2,7.0,7.5,5.5,7.0,9.2,7.5,9,9,8.0,0.0,8.8,6.3,7.8,7.3,2.9,6.7
10123157,5.5,7.2,6.3,7.2,6.2,6.1,6.5,6.5,8.1,7.4,6.7,7.4,7.0,5,6,6.0,6.5,7.6,6.3,6.5,7.3,6.3,6.9
10123313,7.4,7.3,7.3,6.4,6.8,6.3,6.0,7.0,7.2,4.5,6.3,7.8,6.5,6,6,5.0,7.7,8.1,8.0,6.8,7.7,7.0,6.5
10123290,7.4,5.9,7.3,6.3,7.3,5.6,6.5,7.0,7.0,6.8,6.4,8.0,7.5,8,7,6.0,5.9,7.3,7.0,7.0,6.0,6.3,7.5
12523057,9.3,7.4,7.8,6.7,6.5,6.5,7.7,7.3,7.6,5.5,7.5,9.1,7.5,8,8,6.0,7.0,7.2,7.4,7.4,6.5,7.6,6.2
10123286,8.5,9.4,7.5,8.1,7.2,6.8,8.0,8.0,8.1,6.5,7.3,8.9,7.0,8,6,8.0,7.8,8.9,8.0,3.7,8.2,6.5,7.8
10123043,6.5,6.6,6.3,7.5,6.3,6.8,6.1,6.8,6.9,8.3,6.3,7.7,6.5,7,8,7.0,6.9,8.0,6.4,7.3,6.8,6.1,8.4
10123042,5.8,6.7,6.5,7.6,7.7,8.0,5.2,6.8,7.3,7.0,6.4,8.7,7.5,10,9,9.0,8.2,8.0,7.3,7.5,7.4,6.6,7.4
10123305,8.7,8.0,8.3,6.4,7.2,5.9,6.7,6.8,8.1,6.5,8.0,8.8,7.0,7,8,6.0,7.2,8.1,6.7,7.0,7.5,5.9,8.2
10123312,6.9,5.7,5.0,7.7,8.2,7.5,6.3,6.5,7.2,7.5,6.0,8.5,7.0,9,6,5.0,7.0,9.0,7.5,7.8,7.7,5.7,7.8
10123319,8.5,8.4,7.5,8.2,7.4,5.9,7.4,7.5,7.3,7.4,7.3,9.0,8.0,8,7,7.0,7.5,8.3,6.7,7.5,7.9,6.4,8.4
10123173,6.3,7.5,6.8,6.4,5.8,6.9,7.3,7.0,7.7,5.3,5.5,7.7,6.5,8,6,9.0,6.7,8.0,6.5,6.3,7.0,6.1,6.6
12523115,6.4,8.4,5.0,5.7,7.7,7.0,7.2,8.3,7.8,5.5,6.0,9.0,8.0,7,5,9.0,7.5,8.2,6.9,7.5,7.3,6.7,7.4
10123040,6.8,6.4,7.8,6.6,6.8,7.8,6.3,8.3,8.1,6.8,7.3,8.0,7.0,7,8,6.0,8.8,9.1,8.0,6.8,8.0,7.4,8.0
10123058,6.8,7.2,6.8,6.8,6.1,5.8,6.1,7.5,7.9,5.5,6.5,7.2,7.5,10,8,9.0,8.4,8.8,7.0,7.5,8.0,7.3,8.4
10123144,6.7,7.9,6.3,8.3,8.0,7.0,6.0,7.3,8.0,6.9,5.5,7.7,7.5,7,8,9.0,7.7,9.0,7.0,6.8,7.8,7.7,7.9
10123223,7.9,7.2,7.3,6.6,6.1,7.8,7.6,7.0,8.6,8.3,6.0,8.9,7.5,7,9,8.0,7.0,8.7,6.8,7.4,8.2,6.9,8.0
10123348,8.3,9.7,8.0,6.3,6.7,8.1,7.0,7.3,7.4,8.3,6.7,7.8,7.0,7,8,7.0,6.7,8.1,7.8,6.5,7.7,6.5,7.6
10123108,9.2,8.2,8.3,7.2,6.0,7.0,7.1,7.3,5.6,5.0,6.3,8.8,7.5,10,6,6.0,8.5,9.0,7.0,7.0,8.0,7.1,8.4
10123149,7.4,8.2,5.8,8.0,7.3,8.3,6.7,8.5,8.4,8.2,7.3,7.9,6.5,8,9,7.0,7.9,9.0,7.2,7.3,8.3,7.6,8.1
10123174,8.5,9.2,8.0,6.7,6.2,7.2,7.3,8.0,7.8,8.5,8.3,8.2,7.0,8,7,7.0,8.2,9.2,7.8,8.4,7.9,6.9,7.5
10123179,9.3,9.5,8.8,7.3,8.0,7.9,7.4,8.3,8.3,8.5,8.3,8.4,7.5,7,9,6.0,7.5,9.1,6.8,7.7,8.5,8.8,8.7
12523042,9.4,9.7,9.5,8.2,7.9,9.5,8.0,7.3,7.7,6.5,8.3,9.5,8.0,9,7,6.0,7.4,9.1,7.5,8.2,7.5,8.6,8.1
10123218,9.0,7.0,9.0,7.4,8.8,7.1,7.8,8.3,7.6,8.8,9.6,8.4,7.5,8,8,7.0,7.9,9.2,8.9,8.4,8.0,8.4,8.8
10123275,8.3,7.3,9.3,7.9,7.8,7.3,7.8,9.0,8.7,8.8,8.7,8.5,7.5,7,6,6.0,9.0,9.5,8.4,8.0,8.4,8.5,8.8
10123079,8.9,9.8,9.5,8.0,8.6,9.1,8.0,8.3,8.2,9.5,7.2,9.3,6.5,9,10,7.0,8.5,9.1,8.3,8.7,8.0,8.7,9.0
10121446,5.3,4.3,4.5,7.7,4.8,0.0,6.3,0.0,1.5,1.5,6.5,0.7,3.5,7,8,7.0,5.5,5.5,5.2,6.0,0.0,5.4,5.6
10123145,5.0,0.0,7.3,6.2,0.0,2.4,6.2,5.0,1.6,2.5,6.0,7.8,0.0,7,7,8.0,0.0,8.0,0.0,6.3,6.2,0.0,7.0
10123274,6.9,6.7,4.3,6.4,5.0,4.3,6.7,5.3,5.6,0.0,4.8,7.5,7.0,7,6,7.0,0.0,8.2,5.2,0.0,6.2,0.0,7.5
10123170,6.3,6.3,4.8,6.6,0.0,5.5,3.0,0.0,0.0,0.0,5.0,7.3,0.0,7,8,9.0,1.8,0.0,6.9,3.3,0.0,0.0,0.8
10123129,4.3,6.4,5.3,6.6,6.9,6.5,6.9,2.5,2.6,2.5,7.4,7.1,6.5,10,6,8.0,0.0,0.0,1.5,3.4,0.0,5.7,1.2
10123364,6.4,6.3,6.0,6.9,5.0,5.4,6.9,5.3,1.9,0.0,6.9,7.6,7.0,7,8,7.0,2.5,7.6,5.8,0.0,0.0,0.0,7.4
10122397,5.5,3.0,3.5,6.8,6.2,0.0,4.8,6.3,6.0,3.5,7.8,7.6,7.5,9,0,8.0,6.8,7.4,6.8,7.0,6.0,5.4,5.0
10123209,5.9,6.3,4.0,7.0,0.0,4.7,6.6,8.0,7.1,0.0,5.3,6.2,7.5,8,7,9.0,6.5,8.4,6.2,7.2,6.8,0.0,6.7
10122281,5.9,5.2,3.8,6.4,5.5,1.5,6.9,5.8,7.7,6.0,6.7,8.2,5.5,9,7,6.0,6.7,7.1,6.9,1.8,1.3,7.1,6.7
10123315,8.0,1.4,6.0,6.6,4.7,4.1,6.1,5.0,6.3,0.0,5.5,7.8,7.0,7,0,7.0,6.8,7.3,5.3,7.0,1.3,1.3,7.1
10123215,8.0,5.3,6.0,6.4,6.2,5.8,6.9,5.0,7.2,5.8,7.5,8.0,8.0,7,6,6.0,7.7,8.3,6.4,7.9,7.4,6.9,7.1
10123250,8.3,5.0,7.3,7.0,5.2,5.7,6.2,6.0,7.2,0.0,7.7,7.7,7.0,7,7,6.0,7.0,8.1,6.4,7.0,6.7,0.0,7.6
10123325,6.5,5.9,7.0,6.8,5.8,3.9,5.7,7.8,7.8,2.5,3.8,7.3,6.5,8,6,7.0,6.8,7.8,7.3,6.8,6.7,6.7,6.6
12523045,7.1,6.3,3.0,5.3,6.5,3.3,7.3,5.8,8.1,8.0,3.8,9.2,6.0,8,7,9.0,6.8,8.3,7.5,8.0,7.2,6.8,7.7
10123198,7.0,3.8,4.8,8.0,5.1,6.5,6.6,6.8,8.0,5.3,7.7,7.8,6.5,6,6,7.0,7.7,8.0,6.0,7.4,7.5,8.3,7.6
10123020,4.8,6.2,7.0,6.9,4.9,5.4,6.7,5.5,7.9,6.8,5.5,8.2,7.0,7,6,9.0,7.3,8.0,7.0,7.3,6.4,8.0,6.7
10123123,7.5,5.8,6.8,7.2,5.8,4.1,6.7,8.3,7.7,2.5,6.3,7.8,7.0,7,7,6.0,6.4,7.3,7.7,7.3,7.3,3.8,7.5
10123025,6.8,8.7,6.8,6.2,6.0,6.0,6.7,7.8,7.8,3.0,6.5,8.0,7.0,7,7,8.0,8.2,7.8,7.2,8.0,7.4,1.0,7.3
10123318,7.5,6.7,6.5,8.3,6.2,5.7,6.1,5.0,7.3,5.8,6.7,8.0,7.0,6,5,8.0,7.4,8.5,6.7,7.4,7.7,6.6,1.8
10123188,8.0,8.2,6.8,7.2,7.9,7.6,6.7,5.5,7.7,6.3,6.8,8.1,7.5,8,8,9.0,8.0,8.5,6.8,8.3,7.8,7.3,7.3
10123358,7.0,6.9,6.0,6.2,6.0,6.2,7.3,6.8,7.4,6.0,7.0,7.4,5.5,7,8,7.0,6.5,7.3,6.3,6.9,6.4,3.0,5.9
10122247,5.3,3.9,6.8,7.2,6.5,5.0,6.8,7.0,7.4,6.3,6.0,8.2,6.5,8,4,8.0,8.0,8.1,8.4,7.2,6.2,7.2,6.7
10123031,6.5,3.0,5.8,7.2,6.3,7.0,7.5,7.3,7.0,5.5,6.0,8.5,8.0,7,6,9.0,5.5,7.3,6.0,7.0,6.8,1.8,7.6
10123338,7.4,7.8,7.8,6.7,6.7,5.4,7.3,6.3,6.2,5.8,7.3,8.1,6.5,8,8,8.0,7.4,7.3,7.2,6.5,6.0,6.6,0.7
10123243,7.9,7.9,6.0,6.3,5.5,8.2,6.3,6.8,7.0,5.5,6.8,8.6,7.5,8,9,7.0,6.7,7.5,6.4,7.2,6.0,6.9,7.4
10123288,7.4,7.2,5.5,7.1,6.4,6.2,7.0,5.3,6.4,6.3,5.5,7.3,7.5,7,8,8.0,6.8,7.9,6.8,7.3,6.8,7.0,7.4
10123310,6.8,7.6,7.3,6.6,6.2,5.7,7.3,6.5,7.6,6.5,6.3,8.3,7.0,7,8,7.0,6.5,8.5,6.4,7.3,6.8,6.2,7.2
11022296,7.4,6.8,4.5,5.8,8.0,5.0,6.4,7.5,7.7,7.5,6.4,8.7,6.0,9,6,6.0,8.0,8.0,7.4,7.0,6.3,7.3,7.7
10123175,6.8,8.4,8.8,6.5,6.9,6.2,7.6,7.3,7.5,8.3,6.9,7.9,7.0,7,5,7.0,6.9,8.1,6.8,7.8,8.4,6.7,7.4
10123095,6.9,6.2,8.3,6.7,6.2,5.6,7.8,7.0,7.8,5.8,8.2,7.9,7.5,7,8,7.0,8.2,8.3,7.0,6.9,7.4,2.6,7.2
10123289,7.0,7.9,7.0,7.0,6.0,6.1,6.7,6.8,6.5,7.2,2.9,8.7,6.5,8,7,8.0,6.8,7.1,6.3,7.2,7.0,6.1,7.3
10123254,9.4,7.5,5.3,6.9,7.1,8.1,6.7,6.0,7.4,7.8,5.5,8.1,7.5,6,7,7.0,6.5,8.0,6.2,7.4,7.8,7.8,8.2
10123120,8.8,8.4,9.0,7.2,8.5,5.6,6.5,7.3,7.3,7.0,8.8,7.8,7.0,7,7,8.0,8.5,8.1,6.9,7.7,6.9,7.8,7.9
10123268,7.5,7.8,6.0,7.1,7.1,7.6,7.1,7.3,7.5,8.3,6.5,7.9,7.0,8,7,8.0,8.4,8.0,6.8,8.5,7.4,8.1,7.6
10123208,9.2,8.6,7.0,8.1,8.5,7.8,9.0,7.5,7.4,7.3,6.3,7.9,8.5,5,9,9.0,8.0,8.8,6.7,8.3,7.7,8.4,8.1
