Môn học,Đại số tuyến tính,Giải tích,Giải tích số,Kiến trúc máy tính,Lập trình Python cơ bản (2+1*),Cấu trúc dữ liệu và giải thuật (2+1*),Cơ sở kỹ thuật lập trình (2+1*),Cơ sở dữ liệu,Lập trình hướng đối tượng (2+1*),Lập trình ứng dụng Windows Form (2+1*),Pháp luật đại cương,Kỹ năng mềm,Tiếng Anh tăng cường,Giáo dục thể chất 1,Giáo dục thể chất 2,Giáo dục thể chất 3
SỐ TÍN CHỈ,2.0,3.0,2.0,3.0,3.0,3.0,3.0,3.0,3.0,3.0,2.0,2.0,4.0,1,1.0,1.0
12521097,8.5,9.5,9.9,9.5,8.8,9.4,9.1,8.7,9.8,9.5,8.3,8.8,6.5,9,7.0,7.0
12521054,8.8,9.0,9.3,7.5,7.2,7.9,8.0,8.0,9.2,8.0,9.0,8.9,5.5,10,9.0,8.0
12521111,8.4,8.1,7.7,7.8,6.3,7.4,7.9,7.5,7.8,6.8,7.0,8.9,3.5,8,8.0,7.0
10121164,8.3,7.7,3.3,6.5,8.8,5.4,7.5,6.0,7.9,5.0,7.8,8.4,3.0,7,7.0,8.0
10121688,6.8,8.3,6.3,7.0,7.5,6.2,5.4,6.7,6.9,5.0,7.5,8.9,4.0,6,7.0,7.0
12521124,5.9,7.7,4.6,6.0,9.0,6.4,5.9,7.0,6.9,4.5,7.8,8.5,3.5,8,8.0,9.0
12521041,7.2,9.3,9.5,8.3,9.0,7.2,7.2,6.4,8.7,5.3,8.0,8.6,4.0,7,8.0,8.0
10121516,8.0,6.7,4.4,7.5,7.7,5.9,6.4,5.7,7.9,4.5,8.8,8.7,2.5,7,7.0,6.0
10121366,7.8,6.9,6.5,6.3,7.5,6.7,6.7,6.4,7.4,4.5,6.5,9.0,3.5,9,6.0,8.0
10121256,7.3,7.7,7.9,5.8,7.8,7.5,8.3,7.7,9.2,5.5,6.5,8.7,3.5,8,8.0,7.0
10121846,8.5,9.1,7.4,8.3,7.5,6.8,6.3,7.2,8.7,5.5,7.8,9.3,0.0,6,9.0,8.0
10121611,7.4,7.9,6.7,6.5,7.9,5.7,5.7,6.8,7.3,5.0,8.3,8.4,0.0,9,8.0,8.0
10121496,5.8,8.7,7.3,4.5,5.2,4.8,5.2,4.9,5.7,4.5,7.8,8.7,3.5,7,7.0,6.0
10121210,9.2,8.0,5.7,7.5,7.0,7.5,8.1,5.8,8.0,5.0,7.8,7.8,4.0,8,7.0,7.0
12521018,8.2,6.6,6.6,5.0,8.0,5.3,5.4,6.8,7.4,4.5,7.8,8.4,4.0,8,7.0,8.0
10620151,6.9,7.5,4.7,8.0,8.9,7.3,7.1,5.4,5.3,4.5,8.5,8.5,4.5,6,9.0,8.0
10121226,7.2,7.7,5.8,7.0,8.5,5.7,6.6,6.2,7.5,4.5,7.8,7.7,4.0,7,7.0,7.0
10121225,8.2,6.9,5.9,6.0,8.8,4.7,6.5,5.9,7.2,4.5,8.0,7.7,2.5,8,7.0,6.0
10121201,8.3,8.9,8.1,6.3,7.2,7.9,7.8,7.2,8.4,5.5,8.3,8.9,4.0,7,8.0,7.0
12521140,8.8,8.4,6.7,6.3,7.8,8.0,6.7,7.9,8.8,2.5,7.5,8.4,2.5,7,8.0,7.0
10121532,6.8,7.8,4.9,7.3,6.5,0.0,7.4,6.0,6.5,4.5,6.5,7.6,3.0,7,7.0,8.0
10121658,7.0,7.9,5.8,5.5,6.8,6.6,7.3,6.8,6.9,2.5,8.0,8.7,0.0,7,5.0,8.0
12220143,9.5,9.1,8.4,9.5,7.9,8.1,8.4,7.4,9.4,8.0,8.5,8.7,3.5,8,6.0,8.0
10119133,8.0,7.0,8.2,0.0,7.5,6.0,6.8,6.8,6.3,7.0,4.3,7.8,,8,8.0,6.0
12521147,8.5,7.9,6.9,7.5,5.5,7.7,8.0,8.0,8.7,2.5,8.0,8.4,0.0,6,6.0,5.0
11021274,8.5,9.2,8.5,7.5,9.5,9.2,8.8,7.3,9.4,9.5,8.5,8.9,4.5,7,8.0,6.0
10121122,8.2,5.8,3.8,5.8,6.3,4.9,6.4,7.4,7.8,5.0,7.8,8.2,3.0,8,8.0,8.0
10121345,7.4,6.9,4.7,3.5,6.9,5.2,5.4,6.3,7.5,2.5,7.3,8.0,3.0,7,7.0,8.0
12221322,8.0,6.9,9.3,7.8,8.4,7.2,7.1,7.3,9.3,5.5,7.3,8.9,5.5,8,6.0,8.0
10121954,7.5,6.7,8.6,5.5,8.0,6.7,6.5,6.5,8.7,5.0,7.8,8.7,5.5,8,7.0,8.0
12521170,5.3,7.4,7.2,7.0,8.5,6.2,6.1,5.7,6.9,5.5,6.0,9.0,5.0,0,8.0,6.0
12521155,9.4,6.2,6.3,,,6.7,8.0,7.7,7.0,5.8,7.3,6.0,7.3,8,7.5,7.0
10121740,8.2,4.3,6.8,,,6.8,7.8,6.3,5.0,6.7,9.0,7.0,6.3,7,6.6,5.9
12521077,5.0,5.4,5.0,,,8.2,7.8,4.9,9.0,5.3,3.5,9.0,5.8,8,5.8,5.5
10121745,7.3,8.0,7.0,,,8.5,7.5,7.2,7.0,6.2,7.8,7.0,5.9,8,7.3,6.5
12521113,8.4,7.2,7.5,,,7.0,8.5,7.5,8.0,6.8,9.0,8.0,8.0,8,7.8,7.5
12521115,8.7,7.8,6.3,,,6.8,7.3,7.5,5.0,6.2,7.3,7.0,6.4,7,8.0,6.7
10121760,6.7,7.2,7.9,,,6.8,8.0,6.8,5.0,7.4,7.0,6.0,7.2,7,8.1,7.0
12521117,8.3,0.0,6.9,7.1,7.5,7.9,7.5,4.0,8.0,6.8,7.0,7.0,6.7,8,7.0,6.5
10121305,6.4,5.0,6.5,,,6.5,8.0,7.3,8.0,6.3,6.8,6.0,7.0,8,6.3,8.0
12521119,4.9,4.4,6.3,,,8.2,6.5,4.5,6.0,5.7,4.5,6.0,6.9,7,7.0,6.7
10121768,7.2,6.5,7.8,,,7.3,5.8,8.2,6.0,6.5,8.3,7.0,6.9,7,6.8,6.2
12521053,7.7,5.0,6.5,,,6.8,7.5,4.4,7.0,6.5,6.0,8.0,5.9,6,6.8,6.5
10121974,6.8,6.9,4.9,,,8.0,5.8,7.0,6.0,7.0,6.3,8.0,7.5,6,5.5,6.8
10121806,8.7,7.4,7.5,,,8.9,8.8,8.2,7.0,7.2,9.0,8.0,8.2,8,8.0,7.2
10121277,6.9,5.2,7.0,,,6.9,7.0,7.7,7.0,7.0,9.3,9.0,8.3,8,7.3,7.2
10121811,8.8,7.9,6.8,,,8.5,7.5,8.3,7.0,6.9,9.0,6.0,6.4,8,8.4,7.5
10121818,7.5,4.8,6.5,,,7.0,5.5,6.7,7.0,6.7,8.0,6.0,8.0,7,6.7,7.2
11220025,6.6,6.8,0.0,6.7,7.0,5.0,7.3,7.0,0.0,0.0,7.0,9.0,6.0,8,6.0,5.8
12421022,7.8,5.0,6.3,,,8.2,7.3,6.5,7.0,7.3,8.3,0.0,7.7,9,8.1,6.9
10121280,8.0,6.0,6.5,,,7.3,7.8,6.5,6.0,6.3,6.5,9.0,6.5,9,6.6,7.7
10121301,8.3,6.7,6.5,,,6.8,7.0,6.7,7.0,6.8,6.5,7.0,6.8,9,7.5,7.7
10121885,8.9,7.8,7.3,,,8.8,8.0,8.3,6.0,7.9,9.0,8.0,7.8,9,8.4,8.0
10121331,7.7,8.3,4.5,,,8.8,7.3,7.7,5.0,6.0,6.5,5.0,5.4,6,9.0,6.0
12521042,6.7,6.7,6.8,,,7.4,8.5,7.5,6.0,5.8,8.3,8.0,6.7,8,8.1,6.3
10121040,9.4,8.7,6.8,,,8.8,9.0,8.8,7.0,7.8,8.3,7.0,7.4,8,9.0,8.7
10121268,7.0,4.4,7.0,,,7.7,7.5,6.2,8.0,7.3,6.5,8.0,5.7,7,7.2,7.4
10121287,6.7,4.7,6.5,,,6.0,6.8,6.4,9.0,6.5,6.8,6.0,7.4,8,7.3,7.0
12221203,7.0,6.2,6.5,,,6.0,6.3,6.0,6.0,6.3,8.0,6.0,7.4,7,7.6,7.4
12521036,8.8,7.2,7.5,,,6.3,8.0,7.7,8.0,7.8,7.8,7.0,8.0,9,8.7,7.2
12521151,8.7,8.3,7.3,,,7.7,6.3,6.8,8.0,7.8,9.0,5.0,7.8,8,8.6,8.3
10121395,7.4,6.5,6.8,,,8.2,8.3,6.7,6.0,6.8,7.0,0.0,7.3,8,8.4,7.5
12521167,8.8,0.0,0.0,7.0,7.0,6.5,6.5,5.9,5.0,5.3,6.5,0.0,7.0,6,7.6,6.4
10121736,8.0,4.2,7.3,6.3,7.2,8.3,7.6,6.3,7.5,6.0,5.9,8.5,2.5,5,6.0,5.0
10121971,7.3,7.3,8.2,8.8,8.3,7.9,8.7,0.0,7.9,8.0,7.5,8.3,5.0,9,9.0,6.0
10121743,8.3,9.3,7.7,8.5,7.5,8.2,7.6,8.0,8.3,7.8,7.3,6.4,4.5,6,7.0,7.0
12521012,7.8,6.5,2.5,7.8,7.5,7.2,7.7,6.4,6.3,6.0,6.0,7.3,3.0,6,7.0,5.0
10121782,8.8,9.2,7.9,9.8,7.0,8.8,8.7,8.0,8.0,9.0,6.8,7.1,0.0,7,6.0,7.0
12521166,9.1,6.3,6.3,8.8,7.0,7.7,7.8,6.7,7.8,8.0,6.3,8.2,5.0,7,8.0,9.0
10121548,8.5,6.9,3.0,8.0,7.0,7.8,7.8,6.0,7.5,8.8,6.3,8.2,1.5,7,5.0,6.0
10121965,8.8,8.8,8.3,8.3,7.5,8.3,8.5,8.0,8.7,9.5,6.4,7.4,3.0,8,7.0,6.0
10121126,7.9,7.4,6.8,8.0,6.4,7.1,7.2,0.0,8.2,9.3,7.3,8.8,4.0,8,8.0,5.0
12521125,8.8,7.7,8.5,8.0,5.8,7.4,6.6,7.2,7.0,7.5,7.8,9.4,2.5,7,6.0,5.0
10121853,6.7,6.2,6.9,6.8,7.5,5.9,7.3,7.3,7.7,6.5,6.0,7.8,3.0,8,9.0,6.0
12221514,7.5,8.0,8.3,7.8,8.0,7.9,8.3,8.3,8.5,8.3,6.8,9.3,3.5,8,8.0,9.0
10121856,8.3,9.2,8.7,8.3,8.5,7.9,6.8,7.5,8.0,7.5,7.0,8.7,2.0,8,9.0,8.0
10621740,8.4,8.4,7.7,8.5,7.5,7.4,7.1,7.4,7.8,8.5,7.2,6.7,6.0,8,7.0,7.0
10121578,7.6,6.5,6.2,5.8,6.5,6.0,6.3,4.5,6.7,5.5,6.3,6.5,1.5,8,7.0,7.0
10121343,9.0,6.9,6.1,6.5,6.3,6.5,6.9,5.8,7.7,6.0,7.5,7.6,3.5,7,6.0,7.0
12521168,6.9,8.9,8.5,8.3,6.5,9.0,8.6,7.5,8.9,9.0,6.5,7.9,6.5,7,9.0,8.0
10121346,8.4,7.0,6.9,6.0,7.5,8.0,7.6,7.8,6.9,8.5,6.8,6.4,4.0,7,5.0,6.0
12521088,7.0,6.2,5.1,5.3,6.3,7.3,7.7,6.2,6.4,5.5,6.4,8.2,2.0,6,6.0,8.0
12521038,7.6,6.0,6.9,6.3,7.0,6.0,7.5,7.4,7.5,8.3,6.5,6.9,4.5,7,8.0,8.0
10121900,8.6,8.2,7.4,7.8,7.5,7.9,8.0,7.5,8.2,8.5,6.2,7.0,3.0,7,6.0,7.0
10121904,8.6,9.5,8.4,6.5,8.8,8.8,8.2,7.2,7.8,9.0,6.9,8.5,2.0,8,9.0,8.0
10121910,9.0,9.3,8.2,9.0,7.9,8.2,9.1,8.2,9.4,8.8,8.3,7.5,5.5,8,8.0,8.0
10121134,6.7,6.0,4.8,5.8,8.0,5.9,5.3,5.3,5.8,6.0,6.3,6.5,3.0,8,8.0,7.0
10121926,8.3,8.4,8.6,7.8,8.5,9.1,7.8,8.0,8.5,9.3,7.4,8.7,2.0,9,9.0,8.0
12521065,8.2,7.8,6.7,7.5,8.3,7.8,8.6,6.0,8.3,7.5,7.2,6.7,3.0,5,6.0,5.0
10121449,7.9,7.1,7.4,8.3,7.8,7.3,8.4,0.0,8.8,8.3,7.7,7.5,0.0,9,8.0,7.0
10121187,6.4,7.4,5.8,5.0,5.5,5.7,5.5,7.4,6.0,5.0,6.0,7.9,7.0,8,8.0,7.0
12521108,9.0,9.0,10.0,7.5,8.8,9.4,9.3,8.3,9.0,9.3,8.8,9.0,6.5,8,8.0,8.0
10121755,8.3,8.2,8.7,6.8,7.0,6.5,7.3,7.7,8.2,8.5,6.0,8.3,1.5,7,7.0,7.0
10121766,6.8,8.2,7.9,5.5,6.0,6.4,6.3,7.7,5.5,7.0,8.0,8.3,2.0,7,8.0,8.0
10121785,8.0,7.2,7.4,7.0,5.0,4.7,6.2,8.3,7.7,8.5,7.3,8.7,6.5,8,8.0,9.0
10121232,8.0,6.7,7.5,5.5,7.3,5.4,5.2,5.9,5.5,6.5,7.3,8.5,6.0,7,7.0,9.0
10121975,8.5,8.9,7.3,7.0,7.0,8.5,7.9,6.8,8.2,9.0,7.5,8.4,6.0,8,7.0,8.0
10121349,7.5,6.7,6.9,8.3,7.0,5.2,7.8,6.9,7.2,7.3,8.3,8.2,3.0,8,9.0,9.0
10121416,8.0,7.9,8.3,7.8,7.3,5.4,6.6,6.0,6.3,6.5,9.0,8.8,4.0,8,8.0,9.0
10121039,9.5,9.2,9.3,8.0,9.0,7.3,8.5,7.4,7.2,8.8,9.3,9.0,3.5,9,9.0,9.0
10121115,9.3,6.3,6.9,6.8,4.0,6.2,6.8,5.9,7.2,8.0,7.3,7.9,3.5,8,8.0,8.0
10121101,7.7,6.2,5.5,6.3,5.5,6.0,6.0,5.4,6.7,3.8,5.8,8.3,3.5,7,8.0,6.0
10121055,6.4,6.5,3.5,7.3,6.5,5.3,5.9,6.4,4.9,3.8,7.0,8.2,3.0,7,8.0,6.0
10121640,7.9,6.2,6.0,5.8,5.5,5.4,5.3,4.9,5.7,1.5,6.8,6.9,0.0,7,7.0,7.0
12521016,6.8,7.3,6.3,6.5,7.3,6.2,6.8,7.2,6.0,7.5,6.8,8.5,5.0,8,7.0,9.0
12421009,8.5,8.9,7.8,8.0,7.3,6.4,7.5,6.7,8.0,8.0,9.3,8.3,5.0,9,8.0,9.0
12521095,8.8,9.4,9.9,7.3,5.8,8.0,8.3,8.7,7.8,9.0,8.3,8.9,6.0,8,7.0,8.0
10121877,6.5,6.0,6.4,5.3,6.3,5.5,7.3,7.2,5.5,6.3,7.0,8.0,6.0,8,7.0,9.0
10121508,7.5,6.4,3.0,7.0,6.8,6.0,6.3,5.2,7.3,7.5,6.3,8.0,4.5,7,7.0,8.0
10121227,7.3,6.7,7.0,6.3,5.5,6.2,5.8,6.7,6.8,7.0,5.8,8.7,6.5,7,7.0,8.0
10121920,6.7,6.4,6.4,7.5,5.5,5.0,4.3,5.9,5.4,5.5,7.5,8.4,6.0,8,7.0,6.0
10121472,0.0,5.5,6.2,7.5,7.0,5.5,5.1,5.5,6.0,2.0,8.0,7.8,3.0,8,8.0,9.0
12521037,6.4,6.0,9.0,8.5,7.8,7.3,7.5,7.9,6.4,8.6,8.3,7.5,0.0,7,7.0,7.0
10121005,7.5,6.4,7.8,6.3,4.5,5.8,5.8,6.7,8.4,8.0,8.0,8.7,2.0,8,8.0,9.0
10121647,7.5,5.8,7.0,6.8,5.0,6.5,5.5,5.0,5.3,7.3,8.0,8.3,3.5,7,7.0,8.0
12521069,8.5,8.0,8.7,5.0,8.0,8.6,9.2,9.0,9.5,9.3,9.3,8.3,4.0,8,8.5,7.0
10121757,9.0,8.0,7.7,9.0,6.5,7.4,7.3,7.5,7.3,7.8,5.7,5.5,2.0,7,4.3,9.0
12521116,6.5,5.0,6.4,7.3,8.0,8.0,7.9,7.4,7.5,8.3,6.5,6.9,3.5,7,7.8,5.0
10121693,7.5,8.0,7.2,6.5,7.7,5.5,7.5,6.2,7.4,7.3,5.8,5.4,4.5,6,6.5,8.0
10121470,7.9,8.0,7.2,8.0,8.0,6.8,6.3,7.9,6.9,7.8,6.4,7.2,2.0,7,7.3,5.0
10121809,5.7,8.0,3.2,6.8,5.5,8.7,8.1,7.7,7.3,8.3,7.2,7.2,1.5,8,7.5,6.0
12521123,5.5,6.0,3.9,3.5,3.0,7.0,6.2,7.4,5.9,2.8,7.8,7.0,6.5,6,4.8,5.0
12521127,7.5,7.0,6.2,4.5,8.3,7.3,4.9,6.4,7.0,4.5,7.8,7.0,6.0,5,0.0,7.0
12521130,7.3,9.0,6.8,6.3,7.7,8.0,7.8,8.3,7.2,7.3,7.8,6.5,5.0,9,6.0,9.0
12421016,7.5,7.0,7.9,7.3,9.3,9.5,8.8,9.2,8.7,9.0,8.8,8.0,7.5,9,7.8,8.0
10121150,8.8,6.0,5.4,7.8,7.3,9.2,7.9,7.8,8.9,9.0,8.9,8.0,3.0,8,7.5,5.0
10121192,8.3,7.0,7.7,7.8,8.0,8.1,7.9,7.9,7.5,8.5,7.6,7.4,6.0,7,8.3,7.0
10121230,7.5,6.0,6.9,7.0,8.3,7.1,7.4,8.7,8.2,8.3,8.5,7.9,3.5,8,7.5,6.0
10121896,7.8,7.0,8.0,6.5,6.5,9.2,8.1,9.4,9.8,9.1,9.3,8.0,7.5,6,8.3,7.0
12221553,7.5,7.0,8.3,6.3,8.3,8.4,7.4,8.0,7.9,7.5,8.0,8.0,6.5,8,7.8,6.0
10121247,8.0,7.0,6.2,9.0,6.0,7.5,5.8,8.2,6.3,7.0,5.0,7.3,4.0,8,5.5,6.0
10121313,6.3,0.0,5.8,5.5,6.2,7.5,6.3,7.5,7.3,5.5,5.8,6.0,3.5,6,8.0,8.0
12521143,6.5,6.0,6.3,6.0,7.4,7.8,7.3,8.4,7.9,2.0,7.2,6.4,4.5,8,5.3,6.0
10121934,8.8,8.0,8.8,8.5,7.0,9.2,8.0,7.2,7.8,8.0,7.0,7.2,2.5,7,8.5,5.0
10121943,8.8,7.0,7.3,7.0,7.8,8.7,8.3,6.1,7.9,8.1,8.0,7.5,2.0,6,7.8,5.0
10121085,9.2,7.0,2.9,8.5,6.2,8.2,6.0,7.9,7.3,5.0,6.2,6.7,2.5,9,7.3,6.0
10121571,7.8,6.0,5.8,7.0,6.9,7.2,6.1,7.5,7.0,7.5,6.9,7.2,2.5,7,7.3,6.0
10121284,5.5,8.0,5.8,6.3,5.8,5.2,6.3,5.2,7.3,4.5,4.4,7.5,1.0,6,0.0,8.0
10121742,8.5,8.0,6.9,5.5,6.2,7.1,7.5,7.9,7.7,6.5,6.9,7.9,3.0,7,4.8,7.0
12521063,8.5,8.0,5.4,7.3,6.3,5.7,7.7,5.3,6.7,5.3,5.7,6.2,2.0,7,0.0,8.0
12521109,9.0,6.0,6.5,7.3,7.3,6.6,6.4,6.2,7.3,3.0,5.7,7.0,2.0,9,4.3,6.0
10121597,6.4,7.0,5.8,6.5,6.3,6.0,4.8,0.0,6.7,5.0,5.8,5.7,3.0,7,7.3,5.0
10121154,6.5,6.0,6.8,5.5,6.0,6.7,5.1,6.5,7.2,7.0,7.5,7.2,2.0,7,4.5,9.0
12521110,8.0,7.0,7.5,7.8,5.5,7.0,7.4,5.9,8.2,2.8,5.2,7.2,3.0,7,7.5,6.0
10121756,5.7,7.0,2.9,7.8,7.8,7.7,6.6,0.0,7.3,5.5,6.4,7.5,3.5,6,4.0,7.0
12521114,9.0,8.0,7.2,5.5,5.4,6.8,6.9,6.2,7.4,7.5,7.2,7.8,2.0,9,4.5,7.0
10121497,7.0,9.0,6.0,7.5,8.3,5.5,7.1,6.2,7.0,5.5,7.4,7.4,1.5,9,4.0,7.0
10121763,9.3,6.0,7.7,9.3,8.7,8.9,9.2,8.0,9.3,8.5,9.3,7.7,3.5,8,8.0,6.0
12521102,6.5,5.0,7.5,8.3,8.0,6.4,7.5,6.9,7.5,6.5,6.3,7.3,1.0,8,6.0,6.0
12521021,5.5,6.0,5.5,5.3,6.5,5.2,6.4,6.8,7.8,6.0,5.4,7.9,4.0,7,5.0,5.0
10121073,6.5,8.0,5.7,7.3,8.1,6.6,6.8,0.0,6.8,6.0,5.7,6.9,3.0,8,6.5,8.0
10121430,8.3,6.0,6.0,7.3,6.3,6.7,6.4,6.8,7.7,2.5,5.4,6.5,2.0,9,0.0,7.0
12521024,8.3,5.0,3.4,6.8,6.5,6.1,6.5,5.7,7.3,6.0,7.0,7.9,2.0,7,6.0,5.0
12521169,8.8,10.0,7.8,9.3,7.0,8.3,7.3,7.4,7.9,8.3,7.3,7.5,2.5,8,7.5,9.0
10121436,7.0,0.0,0.0,6.0,6.0,5.7,5.0,0.0,6.4,2.0,5.9,7.2,1.5,5,0.0,5.0
10121108,8.8,0.0,2.9,7.5,7.4,7.5,7.4,5.8,6.7,5.5,0.0,5.4,2.0,9,7.5,7.0
10121665,8.3,5.0,7.5,5.8,8.0,6.5,7.0,6.7,8.2,7.0,7.0,6.7,2.5,9,6.5,6.0
10121322,9.4,6.0,3.3,6.5,7.2,7.5,8.2,6.3,8.4,3.5,5.4,4.3,5.5,8,0.0,6.0
10121544,7.2,7.0,6.5,7.5,5.7,6.7,7.7,7.0,7.9,3.0,5.0,6.7,2.5,6,6.8,6.0
12521135,8.8,8.0,9.2,8.5,7.3,7.0,8.9,7.3,7.9,8.5,7.9,7.7,3.5,8,8.8,6.0
12521100,8.8,7.0,8.5,7.8,7.4,7.2,7.1,6.4,8.3,8.0,7.0,7.3,2.5,9,6.0,6.0
12521093,6.3,6.0,6.7,5.5,6.2,6.9,5.4,6.2,8.2,5.5,7.2,6.2,0.0,6,0.0,7.0
10121884,7.4,8.0,7.3,7.8,6.5,6.1,7.7,7.2,8.0,4.5,7.0,6.0,4.0,7,6.3,7.0
12421015,8.7,7.0,9.2,8.3,6.0,8.2,8.2,7.3,8.4,3.5,6.8,7.2,3.5,9,8.8,6.0
10121891,9.3,7.0,8.3,9.5,6.8,8.9,8.6,7.7,9.5,8.0,8.7,7.9,4.5,8,6.5,5.0
12521099,9.0,7.0,5.7,8.0,7.9,6.0,7.3,6.3,8.4,6.8,7.3,7.8,2.5,7,6.8,7.0
10121029,5.5,9.0,6.3,5.8,5.2,6.0,4.8,5.8,6.5,5.5,5.9,6.2,2.5,7,8.8,8.0
10121541,8.0,7.0,3.0,5.8,6.7,6.7,7.0,5.8,7.4,6.5,7.2,7.8,1.5,6,5.3,8.0
12521161,9.0,6.0,7.3,7.3,7.3,8.7,9.0,7.4,7.2,8.0,7.9,7.8,4.0,8,7.3,8.0
12521146,8.8,9.0,7.3,8.5,7.2,8.4,8.9,6.4,7.7,5.5,7.3,6.5,3.5,9,8.8,8.0
10121911,6.7,8.0,6.5,8.0,7.0,5.7,7.9,6.1,7.4,5.5,6.5,7.2,3.5,8,6.5,6.0
10121372,8.0,8.0,2.9,6.0,7.0,7.3,6.4,0.0,7.2,2.0,5.8,7.8,0.5,7,0.0,7.0
12521026,8.9,9.0,6.3,6.5,6.9,7.2,7.8,6.0,6.7,3.0,6.0,7.4,0.0,9,0.0,6.0
10121951,6.3,9.0,7.3,6.0,6.0,8.3,7.2,6.4,7.0,7.0,7.4,7.8,2.5,6,5.3,8.0
10121504,5.8,6.0,5.4,6.5,6.2,5.8,5.1,6.8,6.9,2.0,5.7,8.2,2.5,8,0.0,8.0
11421026,6.7,6.7,6.3,5.5,7.8,4.3,6.1,6.4,6.5,5.0,5.5,8.4,0.0,8,6.0,7.0
10121791,7.9,7.5,5.5,8.0,7.8,6.2,5.2,7.3,7.3,2.0,5.5,7.8,5.5,7,9.0,7.0
12021037,8.0,7.3,6.9,7.3,7.5,6.7,7.2,7.4,7.0,7.5,6.7,7.5,0.0,7,7.0,6.0
10121794,9.5,9.3,9.4,9.3,9.3,8.3,8.6,9.0,8.4,9.0,9.3,8.8,6.0,8,8.0,7.0
10121808,9.0,7.8,7.1,8.3,7.5,8.2,7.9,7.0,8.5,8.8,6.3,8.0,4.5,7,0.0,6.0
12421040,9.2,7.5,6.3,6.5,7.3,7.5,6.1,7.0,7.8,7.3,6.2,8.4,5.5,8,7.0,7.0
12521122,9.0,9.0,7.9,9.0,9.0,8.8,9.5,8.0,9.2,9.5,7.2,8.4,4.0,7,8.0,7.0
10121012,9.2,7.9,5.8,7.5,8.0,7.2,6.7,7.5,8.4,8.0,6.2,8.0,5.5,8,8.0,6.0
10121378,8.5,7.7,3.7,8.0,8.0,7.3,5.5,6.8,7.2,7.5,6.5,8.7,5.0,6,6.0,9.0
12521129,9.4,9.0,9.7,9.3,8.0,6.9,7.4,9.0,8.5,8.5,7.7,8.5,3.5,8,8.0,7.0
10121854,8.5,6.3,8.5,8.8,8.0,6.7,6.6,8.3,8.2,9.0,7.3,8.0,0.0,6,7.0,7.0
10121858,8.8,7.2,5.4,8.5,8.5,5.8,6.3,7.3,8.2,7.8,6.5,7.5,1.5,8,5.0,9.0
10121650,7.5,6.8,3.2,8.0,8.3,5.7,5.8,7.7,7.4,7.0,7.3,9.0,4.0,8,7.0,7.0
10621306,8.2,6.3,6.8,8.0,9.3,7.3,7.6,6.7,8.2,7.0,7.0,8.8,4.0,8,8.0,6.0
10121875,8.8,7.7,7.1,6.8,8.0,8.2,7.7,6.8,7.8,8.8,6.4,7.7,0.0,7,7.0,6.0
12521136,9.8,6.5,4.9,9.0,8.5,8.4,8.2,6.8,8.0,8.4,7.2,8.7,5.5,9,8.0,7.0
10121879,7.3,6.3,5.3,7.3,8.0,6.9,7.6,8.7,8.4,8.9,7.0,7.9,6.0,7,6.0,6.0
10121082,8.3,7.8,8.5,8.3,8.5,7.4,7.0,8.0,7.0,8.5,8.0,8.2,4.0,9,7.0,8.0
10120782,7.0,8.0,6.7,6.5,8.2,7.5,6.9,7.5,8.8,8.8,0.0,7.3,0.0,5,5.0,5.0
10121502,7.2,7.8,7.2,8.5,8.3,6.7,7.2,7.0,7.4,8.4,7.2,7.5,4.5,7,6.0,6.0
12521158,8.7,6.7,6.7,8.5,8.0,7.5,6.0,7.5,7.2,5.5,6.5,8.3,7.0,9,7.0,5.0
10121645,8.5,7.7,6.0,7.3,7.5,6.8,6.5,7.0,7.5,6.8,7.2,8.7,5.5,7,7.0,7.0
10121919,9.0,8.4,8.3,7.0,6.3,8.4,8.9,8.7,8.4,8.5,7.2,8.0,5.0,9,7.0,6.0
10121913,8.3,7.5,7.8,7.0,8.0,6.4,6.3,7.3,7.0,8.5,5.4,8.5,4.5,8,6.0,6.0
10121178,9.3,8.1,8.1,9.0,8.3,7.2,7.4,8.2,8.4,8.0,8.2,8.7,5.0,10,7.0,8.0
10121233,7.8,8.3,7.3,7.0,8.3,8.5,8.3,7.5,8.5,9.0,7.8,7.4,5.0,6,6.0,6.0
10121922,8.5,7.9,7.7,7.8,8.0,7.9,8.9,8.2,8.2,8.3,5.9,8.4,2.5,8,7.0,7.0
10121093,7.5,7.0,5.9,8.5,7.8,6.9,7.3,6.7,7.5,8.0,7.9,7.5,3.5,7,5.0,6.0
12521163,8.3,9.2,7.9,7.5,8.8,8.9,8.8,7.9,8.5,8.5,8.8,8.4,5.0,6,6.0,7.0
12521046,7.5,4.9,5.9,6.0,7.0,6.5,7.3,7.4,6.9,2.0,7.7,7.3,3.5,9,9.0,7.0
10121613,9.4,7.8,6.6,7.0,8.3,7.2,6.7,8.3,6.7,6.8,6.7,7.8,5.0,6,7.0,6.0
12522001,7.4,7.0,6.2,6.8,5.8,6.1,6.5,5.9,6.1,6.0,6.5,7.0,6.5,7,7.0,9.0
12522003,6.9,5.8,7.4,6.5,5.2,5.6,6.5,2.0,6.6,7.3,8.0,7.7,6.5,7,5.0,8.0
12522005,8.7,7.4,8.3,7.0,6.4,6.6,6.0,8.4,7.0,6.8,8.0,7.0,6.5,7,7.0,6.0
12522006,8.1,6.8,8.7,8.3,6.8,6.3,8.8,6.7,7.2,7.8,8.3,8.7,7.0,8,6.0,7.0
10122023,7.4,7.6,7.8,8.0,8.3,6.9,6.7,7.4,6.7,7.8,8.0,8.6,6.5,8,6.0,8.0
12522010,7.8,6.7,8.9,8.5,6.0,7.2,7.9,7.0,7.5,8.8,9.0,8.7,6.5,8,7.0,7.0
12522011,8.2,9.6,9.1,9.3,7.8,8.1,8.9,8.3,7.8,9.3,7.8,8.7,7.0,9,7.0,8.0
10122031,7.9,8.9,7.7,9.0,7.3,6.5,6.2,7.3,5.5,6.8,7.8,8.4,7.0,8,7.0,7.0
10122041,7.8,8.5,8.5,6.3,6.5,6.0,6.8,7.8,7.0,8.3,8.5,8.7,7.5,9,6.0,7.0
10122050,6.4,6.9,5.8,5.3,6.8,7.5,5.5,7.2,6.5,6.3,7.3,8.1,7.5,8,6.0,6.0
10121748,7.9,7.6,5.1,6.8,6.4,5.8,6.3,6.2,6.4,6.3,4.8,6.7,7.5,5,8.0,7.0
10121616,8.0,7.3,6.4,4.5,7.2,5.2,6.4,6.2,6.5,5.0,5.8,6.2,5.5,6,6.0,8.0
10122057,7.7,6.9,8.3,7.3,6.5,7.4,7.8,6.4,7.3,7.8,6.8,8.7,6.5,8,6.0,7.0
10122064,8.4,8.3,8.5,8.3,7.3,6.9,7.9,7.0,6.7,8.0,8.3,8.6,7.5,9,8.0,7.0
10122094,6.8,7.3,5.5,5.5,6.5,6.7,8.8,6.7,7.0,5.5,6.8,8.5,7.5,7,7.0,8.0
10122099,9.2,8.9,7.5,7.8,6.5,6.1,6.2,5.9,7.0,8.1,7.9,8.5,7.5,7,8.0,6.0
10122103,7.2,9.0,6.9,8.0,7.2,7.2,8.3,7.0,8.3,6.5,7.8,8.5,7.5,8,6.0,8.0
10122115,7.3,5.8,4.3,6.5,5.7,6.8,6.5,5.9,7.1,3.5,7.0,8.4,7.5,8,8.0,7.0
12522025,6.2,6.9,6.5,6.8,5.8,7.2,8.5,7.5,6.4,7.0,7.8,8.2,7.0,6,5.0,8.0
12522027,6.9,5.8,7.6,8.0,5.8,6.0,6.8,6.4,6.0,6.0,7.8,8.7,6.5,9,7.0,6.0
10121373,7.6,6.7,3.5,6.3,6.9,7.2,6.0,6.5,7.8,2.5,7.3,7.7,7.5,7,6.0,6.0
10122162,5.9,7.2,6.4,8.0,6.5,6.8,7.0,7.8,6.2,7.8,6.5,7.5,6.5,8,5.0,7.0
10122184,7.0,5.6,6.3,7.5,5.3,7.9,6.0,6.1,5.8,6.8,7.8,8.2,7.5,7,8.0,7.0
10122204,7.0,8.5,8.6,8.5,7.3,7.9,8.3,7.3,6.2,8.0,8.3,7.8,7.5,8,6.0,7.0
10122191,7.4,6.7,7.0,7.3,6.8,6.5,5.5,7.3,6.3,5.0,6.5,8.0,7.0,7,8.0,6.0
12522038,8.4,9.6,7.9,8.0,6.8,6.8,9.2,7.5,6.7,8.0,8.0,8.5,6.5,9,7.0,8.0
12522039,6.7,8.4,6.8,6.8,7.5,7.5,7.0,4.9,6.5,8.3,6.5,8.5,7.0,7,8.0,8.0
12522040,7.8,8.0,8.8,6.0,7.0,7.1,8.0,6.7,7.8,8.3,7.0,8.7,6.5,6,6.0,6.0
12522041,7.3,7.9,8.9,7.3,7.9,7.6,7.3,7.7,8.6,7.5,7.5,8.7,7.5,7,7.0,7.0
12522044,8.4,8.2,8.7,9.0,7.4,7.3,7.8,6.8,7.5,7.0,8.0,7.7,6.5,9,8.0,8.0
12522046,9.2,9.6,9.2,7.5,8.0,9.5,9.4,8.2,8.7,8.5,7.3,8.7,7.5,7,5.0,8.0
10121219,6.9,8.5,5.7,8.0,7.5,6.0,6.0,6.0,5.9,2.5,6.3,7.9,6.5,8,8.0,6.0
10121525,7.3,0.0,4.2,6.0,5.8,5.2,7.0,6.4,2.5,2.5,5.4,8.1,6.5,6,0.0,0.0
12522068,7.7,8.7,9.8,8.5,6.2,7.0,6.8,7.3,7.8,7.5,7.8,8.3,8.0,6,6.0,6.0
12522075,8.2,6.9,6.0,5.0,7.3,6.9,6.8,6.8,8.1,8.0,7.0,8.7,6.5,9,8.0,8.0
10122284,8.3,7.8,8.0,6.3,7.5,7.1,8.4,6.7,7.0,7.5,7.4,8.3,8.5,8,5.0,6.0
12522080,7.7,5.8,7.5,6.3,6.5,5.5,6.3,5.7,7.2,7.5,7.8,8.5,8.0,7,10.0,7.0
10121546,7.3,6.3,5.7,8.5,7.0,5.5,5.8,6.4,7.2,3.3,6.7,7.7,6.5,6,6.0,8.0
12522091,8.9,8.0,8.7,8.2,8.4,8.9,8.5,8.5,8.7,8.5,8.5,8.4,8.5,8,7.0,8.0
10122337,8.5,10.0,9.5,8.0,7.2,7.2,8.3,7.5,6.7,7.3,7.0,8.5,8.0,8,9.0,7.0
12522089,6.7,6.5,5.8,6.5,5.9,6.3,6.0,6.5,8.4,7.0,7.5,8.4,7.5,7,6.0,7.0
12522093,7.2,6.9,6.9,2.5,6.5,6.3,4.0,6.4,6.6,7.8,8.3,8.5,8.0,9,5.0,6.0
12522096,6.8,7.2,6.5,6.5,6.4,6.1,7.5,5.8,6.6,7.0,7.3,7.2,6.5,7,8.0,7.0
10122360,7.7,8.7,7.2,8.0,6.5,7.7,9.0,7.3,7.2,6.8,7.5,8.4,6.5,9,7.0,6.0
12522099,6.8,7.6,5.8,6.8,5.0,4.8,6.0,6.9,4.4,2.5,8.3,8.0,6.5,7,5.0,5.0
10121685,7.3,0.0,3.0,5.5,7.2,4.1,7.1,2.0,6.7,2.5,4.5,0.0,4.0,8,8.0,6.0
10122387,6.8,6.0,6.5,7.0,6.2,5.8,7.0,5.8,8.0,8.3,6.8,7.2,6.5,6,6.0,6.0
10122389,6.5,7.8,7.2,6.8,5.4,7.7,5.8,6.0,6.8,5.5,6.8,8.0,6.5,8,8.0,6.0
10122393,9.5,6.4,6.4,6.8,7.5,6.0,8.0,5.7,8.3,8.3,7.9,7.8,6.5,7,7.0,8.0
12522107,7.2,9.5,9.6,8.3,7.7,8.7,8.5,8.8,8.3,7.5,8.5,8.9,6.5,7,7.0,7.0
10122410,7.7,6.7,6.3,7.5,6.9,6.2,8.8,7.7,7.0,7.3,7.7,8.2,7.5,8,6.0,6.0
10122415,8.7,8.7,8.8,7.5,7.3,6.4,7.5,6.8,6.9,6.5,7.5,8.5,7.0,8,7.0,7.0
10122007,8.0,9.7,9.3,7.0,7.8,6.4,5.8,6.9,6.8,6.8,6.8,9.3,8.5,8,5.0,8.0
10122032,7.8,8.4,6.4,6.3,8.2,8.0,5.3,7.4,5.9,5.8,6.8,9.2,6.5,8,8.0,6.0
10122097,6.8,9.3,6.3,8.0,6.2,6.9,6.0,7.9,7.8,8.4,6.8,9.2,7.0,8,8.0,5.0
10122084,9.2,9.7,8.5,8.8,8.0,8.7,8.0,6.8,8.7,9.5,7.8,9.4,7.5,9,7.0,6.0
10122085,7.7,6.7,6.3,8.0,6.5,6.7,5.8,6.9,8.2,7.3,9.0,9.0,8.0,6,5.0,5.0
10122088,6.0,6.0,7.5,8.0,6.7,7.6,5.3,6.2,7.2,7.0,7.0,9.2,7.0,8,5.0,5.0
10122122,7.7,8.5,8.4,8.0,7.4,6.7,6.0,5.9,7.4,7.0,6.8,9.5,8.5,9,8.0,8.0
10122128,7.3,7.0,7.5,7.5,7.5,6.3,5.8,7.2,7.9,8.3,7.0,9.2,7.5,7,7.0,7.0
12522026,6.9,6.8,7.9,7.8,7.3,6.8,6.5,5.5,6.5,6.8,7.5,8.7,7.5,10,10.0,8.0
10122173,7.9,8.2,8.2,8.3,7.4,6.3,6.8,8.3,7.2,8.0,7.3,9.5,7.5,9,8.0,6.0
10122233,8.7,7.7,7.8,7.3,5.9,7.4,6.0,6.7,7.3,7.5,6.5,9.2,8.0,9,8.0,5.0
10122234,7.7,9.2,8.3,7.8,7.9,8.9,6.0,7.8,7.9,9.3,6.5,9.0,6.5,7,6.0,5.0
10122262,8.3,7.3,8.1,8.0,7.4,6.9,6.3,6.8,6.8,6.5,7.0,8.8,7.0,8,10.0,7.0
12522069,9.5,9.2,9.7,7.8,6.2,7.2,7.5,6.0,7.2,6.0,8.0,8.8,7.0,6,5.0,6.0
10122290,9.7,7.8,6.9,7.8,7.2,5.9,6.8,6.2,6.8,7.5,6.8,9.2,7.0,7,6.0,6.0
12522087,7.4,7.3,6.7,7.3,6.9,8.2,6.5,6.2,7.7,7.8,7.0,9.0,7.0,6,6.0,5.0
10122368,9.0,7.5,9.2,8.8,7.7,6.3,6.8,8.8,7.4,8.3,6.5,9.2,7.0,7,8.0,6.0
10122382,7.4,6.8,8.0,7.0,8.3,7.8,5.5,6.9,6.0,5.3,7.0,9.0,7.5,9,8.0,9.0
10122392,6.8,7.7,7.0,5.8,6.4,5.3,5.8,5.3,7.2,5.5,7.0,9.2,7.0,8,6.0,5.0
11222286,7.3,9.4,6.7,7.5,6.9,7.4,5.8,7.4,7.9,7.8,6.3,9.5,7.5,6,6.0,6.0
11022222,9.4,8.0,8.7,8.5,6.3,7.2,5.8,6.4,7.5,7.0,6.8,9.2,7.0,7,6.0,5.0
10122008,9.8,8.9,8.5,8.5,7.9,7.5,7.8,7.5,8.1,5.8,7.0,8.5,7.5,7,6.0,7.0
10122105,6.8,7.2,2.8,7.5,2.0,6.9,6.0,6.7,5.0,8.2,7.4,8.2,7.5,8,5.0,7.0
10122110,8.0,8.4,5.4,6.0,5.7,5.2,6.5,5.3,6.8,8.5,7.3,7.2,6.5,7,9.0,8.0
12522029,7.7,7.9,7.5,6.0,7.8,7.7,7.0,6.5,7.1,5.0,7.3,8.0,6.5,9,8.0,8.0
10122166,7.5,8.9,9.3,8.0,5.7,6.5,6.7,7.7,6.2,6.5,7.2,8.8,7.5,8,6.0,8.0
10122169,8.7,8.2,8.5,8.8,6.5,8.5,7.8,8.0,8.6,8.8,7.5,8.6,7.5,8,7.0,8.0
10121031,9.2,9.3,7.9,8.0,9.5,8.5,9.0,8.5,8.7,8.3,8.0,8.0,7.5,6,9.0,9.0
12522052,5.2,5.9,5.8,6.3,5.8,5.0,2.0,6.5,5.8,5.5,7.5,7.2,7.0,8,8.0,9.0
10122226,7.9,8.9,7.6,8.3,7.5,6.2,7.8,6.3,6.7,8.0,7.0,8.0,7.0,7,6.0,5.0
12522054,9.7,9.3,9.7,7.5,7.8,7.3,7.8,7.2,8.0,8.3,8.0,8.8,7.5,8,9.0,7.0
12522056,7.4,6.8,6.8,5.8,5.4,6.1,6.3,6.0,9.5,6.3,6.8,8.5,7.0,8,7.0,7.0
12522057,8.3,9.8,9.4,7.8,6.9,8.2,8.5,7.2,8.3,7.0,7.8,8.5,6.5,8,6.0,7.0
10122232,6.8,7.3,7.3,5.8,7.4,6.9,9.1,7.4,8.0,7.0,7.5,8.5,6.5,8,9.0,7.0
12522063,6.9,8.1,9.0,9.0,7.2,6.7,7.8,7.2,7.8,7.5,6.8,8.0,7.5,6,6.0,9.0
12522062,7.3,7.5,7.3,8.0,7.7,7.9,6.5,5.5,5.9,5.8,7.8,7.2,6.5,6,8.0,6.0
12522064,7.8,9.5,9.3,8.5,7.5,8.7,9.0,8.8,9.0,9.3,6.8,7.2,6.5,7,8.0,7.0
10122256,8.1,8.3,8.5,9.3,7.7,7.6,9.8,8.3,7.8,7.5,9.0,8.8,8.0,9,6.0,8.0
12522078,7.8,6.4,9.2,5.5,7.0,6.1,8.5,6.5,7.9,8.3,6.8,8.3,7.0,8,6.0,7.0
12522084,7.3,7.6,8.8,8.0,5.9,7.5,7.0,8.3,8.8,7.5,7.3,8.4,7.5,8,5.0,6.0
10122314,7.4,7.3,8.9,6.0,6.8,6.9,6.3,7.7,6.6,7.0,6.8,8.9,6.5,9,6.0,5.0
12522097,9.2,8.1,9.5,7.3,6.4,7.2,6.8,6.5,7.0,6.5,8.3,8.5,7.0,7,9.0,9.0
12522098,9.0,9.4,9.7,8.8,8.8,9.2,8.0,7.3,9.2,7.8,9.0,8.5,7.0,9,9.0,7.0
10122380,7.7,8.9,9.2,8.8,7.7,8.3,9.2,8.5,9.3,8.0,8.0,9.0,7.0,8,7.0,6.0
10122386,7.2,7.6,6.9,7.0,5.7,6.0,8.5,7.3,6.2,7.8,7.0,7.2,6.5,8,9.0,9.0
12522102,6.2,5.5,4.9,5.5,8.0,7.1,8.3,5.9,7.1,6.0,7.2,7.2,6.5,8,6.0,7.0
12522103,8.5,9.0,7.9,7.8,6.7,6.7,6.5,6.9,7.7,7.3,5.3,7.2,6.5,8,9.0,6.0
12522104,8.5,9.2,7.7,8.8,8.2,7.5,9.3,8.2,8.3,8.8,8.0,7.2,7.5,7,6.0,7.0
12522105,6.8,9.0,8.1,6.8,8.3,6.1,7.0,6.3,7.4,7.0,8.0,7.7,6.5,6,7.0,8.0
12522109,7.3,9.0,7.7,7.3,7.0,5.7,5.5,6.3,7.8,7.8,6.8,8.5,6.5,6,7.0,9.0
10122421,9.1,9.2,8.7,7.8,6.0,6.9,7.3,7.3,7.4,8.0,8.0,8.5,6.5,8,7.0,6.0
12522007,8.2,7.8,8.3,7.0,7.8,8.9,8.5,6.9,9.2,9.0,8.0,8.0,6.5,7,7.0,8.0
12522009,6.3,7.9,8.0,7.5,6.4,8.4,7.0,7.5,7.4,5.0,6.3,8.5,6.5,7,9.0,8.0
10122029,7.3,8.1,8.8,6.0,6.5,7.1,6.5,6.7,8.5,8.3,7.5,8.5,6.5,8,7.0,8.0
10122053,8.3,9.7,8.9,8.5,6.0,7.5,8.0,7.3,8.2,8.5,7.5,8.5,7.5,8,5.0,7.0
12522013,9.3,9.5,9.9,9.3,8.3,8.5,9.5,8.2,9.0,9.5,8.0,8.7,6.5,8,8.0,6.0
10122102,6.3,9.8,9.3,6.8,8.3,7.8,7.6,8.0,8.4,8.8,7.0,7.6,8.0,7,6.0,6.0
12522016,7.9,7.7,9.7,9.0,7.4,6.3,8.9,7.4,7.3,8.0,7.8,8.2,6.5,8,8.0,7.0
12522020,6.8,6.7,6.4,6.8,5.4,6.3,5.8,7.7,5.8,7.2,7.3,7.2,7.5,7,5.0,6.0
10122120,9.2,9.8,8.9,7.8,6.9,8.0,6.0,7.5,6.6,8.0,8.3,8.0,8.0,9,9.0,6.0
10122129,7.9,8.9,8.5,8.3,8.3,8.7,9.7,8.2,7.5,7.3,8.8,8.5,6.5,8,5.0,7.0
10122130,7.9,8.9,8.2,9.5,7.7,6.7,8.5,7.3,7.2,7.8,8.3,8.7,6.5,8,8.0,5.0
10122160,7.0,9.3,7.7,6.0,6.7,6.4,6.8,6.7,6.9,5.7,6.5,8.5,7.0,9,10.0,8.0
10122168,5.5,8.8,7.7,7.0,7.7,6.3,6.7,7.3,6.8,5.3,7.8,8.8,7.5,9,6.0,6.0
10122177,7.5,8.3,9.1,7.5,9.0,7.5,8.7,6.2,7.0,6.3,7.5,7.2,7.0,7,6.0,7.0
10122192,6.9,8.8,8.5,8.3,6.9,7.2,7.6,7.5,7.8,7.3,7.5,8.7,7.0,10,9.0,8.0
12522047,7.4,6.0,7.1,7.8,7.7,7.2,6.3,6.8,7.8,8.1,7.5,8.4,7.0,8,7.0,7.0
12522048,7.0,7.6,7.4,6.8,7.5,6.3,8.5,7.2,7.1,8.3,7.5,8.6,8.5,6,6.0,7.0
12522066,8.8,8.9,8.9,9.3,9.0,9.8,9.8,8.9,8.3,8.5,8.3,8.7,7.0,9,7.0,7.0
10122305,6.5,7.2,6.9,8.3,6.4,6.8,6.0,6.8,8.2,5.5,7.5,9.0,6.5,7,8.0,8.0
10122306,8.4,6.9,9.2,7.0,7.9,7.3,7.8,6.9,8.0,7.8,6.5,8.9,7.0,7,6.0,7.0
10122299,6.0,6.1,9.0,6.0,5.8,7.9,8.0,7.3,7.9,7.0,6.8,8.3,8.0,7,6.0,7.0
12522088,6.0,5.9,6.3,6.8,6.0,5.9,7.9,7.2,7.5,8.3,6.5,8.4,7.5,8,8.0,7.0
10122326,7.8,5.8,7.2,7.0,6.3,5.5,5.8,6.2,6.1,7.8,8.3,8.6,6.5,7,6.0,7.0
12522090,6.8,9.1,7.7,6.8,6.0,6.5,5.8,6.4,7.1,6.3,8.3,8.2,6.5,7,6.0,7.0
10122345,6.5,3.5,5.4,7.8,5.2,6.0,7.0,6.3,6.0,5.8,7.8,7.5,6.5,8,8.0,8.0
10122350,7.3,8.8,8.3,9.0,8.2,8.0,8.2,7.4,8.9,8.5,8.3,8.7,6.5,7,5.0,6.0
10122351,7.9,5.8,6.8,8.0,6.0,6.6,6.0,8.5,6.5,6.3,7.3,7.7,7.0,6,8.0,6.0
10122349,9.3,8.2,7.7,7.0,6.0,7.6,7.4,6.2,8.4,7.3,7.8,8.5,6.5,9,6.0,5.0
10122390,9.6,7.4,7.9,9.0,7.2,6.0,8.0,6.2,7.7,7.3,7.7,8.2,8.0,7,7.0,5.0
12522108,9.5,8.7,7.4,7.3,6.5,8.3,7.3,5.5,7.5,8.0,8.0,8.0,8.0,8,5.0,6.0
10122285,6.8,4.5,8.8,5.8,7.9,4.8,3.5,2.0,6.0,2.5,7.0,9.2,7.5,0,8.0,7.0
12523026,4.3,3.5,3.7,3.5,6.5,7.3,7.0,5.9,8.0,3.0,7.0,9.0,7.5,7,7.0,6.0
10123339,6.8,3.8,2.4,4.3,7.9,7.3,7.3,5.5,8.7,0.0,6.3,8.9,7.0,9,7.0,7.0
10123204,4.8,5.2,3.2,5.0,6.0,6.9,6.0,5.8,7.8,4.5,6.8,8.7,7.0,8,7.0,8.0
12523117,5.2,7.0,2.3,3.0,6.3,7.0,6.3,6.5,8.6,7.0,6.8,7.9,0.0,7,8.0,6.0
10123370,7.3,6.4,2.8,6.0,6.4,7.8,8.3,5.5,8.3,8.5,4.3,8.9,7.5,8,8.0,8.0
10123021,6.9,7.2,6.8,7.8,6.6,8.0,6.5,5.9,8.0,4.5,6.5,8.8,0.0,7,8.0,8.0
12523096,6.4,6.8,5.7,8.0,6.2,8.4,6.7,5.5,7.8,7.5,7.0,8.7,7.0,6,5.0,6.0
10122017,6.5,7.2,7.6,6.8,6.0,5.3,5.3,6.3,6.4,5.8,6.8,8.9,7.0,9,6.0,6.0
11223077,7.3,4.7,5.8,7.5,6.2,8.3,7.8,7.2,8.5,8.0,8.3,9.0,7.0,7,8.0,8.0
12523028,8.3,6.5,6.5,4.5,6.1,8.7,6.5,6.0,8.5,5.5,6.5,9.2,5.5,7,6.0,7.0
10123346,8.4,7.5,6.9,7.5,6.5,8.7,7.0,6.4,7.9,6.5,7.8,8.9,7.5,8,9.0,9.0
10123199,7.5,7.4,5.5,6.3,7.2,7.7,6.0,6.2,8.2,6.8,6.0,8.6,6.5,6,7.0,7.0
10123047,7.9,8.2,8.7,8.3,7.3,7.2,7.3,6.5,7.5,8.3,6.8,9.2,8.0,7,7.0,7.0
10123055,8.3,7.9,9.4,7.5,6.0,8.8,7.5,6.7,9.0,6.5,6.8,8.7,7.5,8,8.0,7.0
12523109,8.6,6.4,7.4,7.3,5.6,8.8,6.8,6.2,8.5,6.0,7.0,8.6,7.5,10,9.0,8.0
10123026,8.3,7.2,7.8,6.8,7.4,9.0,8.0,6.9,8.7,8.5,7.8,9.4,7.5,7,7.0,6.0
12523080,7.9,9.3,8.9,7.8,8.7,9.3,6.8,6.0,8.6,8.0,8.5,9.3,8.0,10,8.0,8.0
10123045,9.1,7.5,8.8,7.8,7.5,8.8,9.0,8.9,9.1,7.3,8.0,9.0,8.0,9,8.0,7.0
10123363,7.9,7.4,6.7,6.8,6.5,7.4,7.3,6.0,7.8,7.0,8.3,8.9,8.0,8,8.0,7.0
12523076,9.4,8.6,7.9,7.3,7.2,8.3,6.5,5.8,8.6,5.5,8.5,9.3,0.0,9,8.0,8.0
12523030,8.2,8.9,8.9,6.0,8.0,8.9,7.0,6.7,8.8,7.5,7.0,8.8,7.5,7,8.0,7.0
10123345,9.2,7.7,8.7,8.5,6.4,7.5,7.3,8.3,7.2,7.8,8.0,9.0,7.5,7,8.0,6.0
10123030,9.1,8.8,9.3,8.8,7.0,7.9,8.0,8.2,9.0,7.8,8.8,8.7,0.0,6,8.0,7.0
10122202,8.7,9.0,9.5,9.0,8.4,6.3,6.8,7.8,7.2,8.5,8.5,9.5,8.0,9,7.0,7.0
10123351,8.8,7.0,7.4,8.0,9.0,9.1,8.8,7.4,9.3,7.0,7.5,9.1,7.0,8,8.0,8.0
12523052,1.8,1.3,1.5,3.0,5.7,6.8,2.7,0.0,2.0,0.0,1.5,7.5,7.0,5,6.0,6.0
10123210,6.0,0.0,4.5,3.3,6.9,6.1,0.0,0.0,0.0,0.0,5.5,8.9,0.0,7,7.0,8.0
10123119,7.8,7.1,3.4,7.3,6.7,7.4,5.1,6.0,2.1,0.0,6.0,7.7,1.5,7,0.0,6.0
12523017,7.4,5.7,6.2,7.0,6.9,7.4,3.6,2.0,2.1,3.7,5.8,8.8,0.0,8,0.0,6.0
10123330,5.5,6.1,4.4,7.3,7.4,8.2,5.1,5.9,2.1,3.7,5.5,8.4,0.0,9,0.0,8.0
12523025,5.7,7.7,3.2,8.3,7.2,6.0,5.9,2.2,6.1,0.0,5.5,8.9,0.0,7,0.0,0.0
12523033,4.7,5.8,4.7,7.3,6.0,7.2,6.9,7.4,2.1,0.0,6.0,7.8,0.0,5,6.0,0.0
12523088,8.7,6.1,5.5,8.5,7.0,7.3,6.2,2.0,7.2,7.0,6.3,8.5,7.0,8,8.0,8.0
12523014,8.2,6.4,2.7,8.3,7.8,7.4,8.3,5.3,2.0,3.9,7.3,9.0,4.0,9,0.0,8.0
10122104,7.2,8.9,8.3,7.5,2.0,5.4,5.3,5.5,8.3,4.0,7.4,8.3,7.5,8,8.0,5.0
12523006,5.7,6.0,2.9,8.0,5.8,5.3,4.7,6.8,7.4,7.2,6.0,8.8,6.5,6,7.0,6.0
12523044,6.3,6.7,5.9,8.5,7.5,7.3,7.1,6.7,2.2,3.8,5.0,8.5,6.5,8,5.0,8.0
10123354,7.7,7.0,4.5,8.8,7.8,7.9,5.0,5.4,2.2,7.1,6.8,8.6,2.0,7,0.0,0.0
12523034,8.3,8.2,6.4,8.3,6.0,5.7,6.6,7.2,7.6,7.2,7.0,8.7,7.0,6,6.0,5.0
12523059,5.5,7.3,3.9,7.3,5.7,8.1,7.0,5.7,2.1,7.4,5.8,8.8,0.0,7,9.0,7.0
10123069,6.9,8.4,4.0,3.8,7.4,6.1,7.0,6.8,7.3,8.0,6.0,8.6,3.5,8,7.0,6.0
12523062,6.8,9.2,6.5,9.0,7.9,7.8,7.0,7.2,7.1,3.9,7.0,8.6,7.5,8,8.0,7.0
10123236,8.4,8.0,6.2,4.3,6.7,6.6,7.1,6.3,8.0,4.1,8.3,9.2,7.0,7,9.0,6.0
12523083,7.3,5.2,2.7,4.5,8.7,7.5,9.0,7.3,8.7,8.4,5.8,8.8,8.5,6,6.0,7.0
10123264,8.7,8.7,8.8,8.5,8.7,7.2,8.0,8.4,7.7,5.8,5.5,8.4,7.5,9,7.0,8.0
10123172,8.6,6.3,5.0,8.3,7.4,7.5,6.5,6.2,7.9,6.6,6.9,8.8,6.5,7,5.0,7.0
10123024,8.1,7.4,7.7,6.8,6.7,7.4,8.0,5.3,6.9,5.4,6.0,9.2,7.5,8,9.0,6.0
10623148,7.4,7.8,7.8,9.3,7.2,7.6,7.7,6.2,7.6,4.0,6.8,8.6,7.0,7,8.0,7.0
10123122,7.8,7.0,6.0,5.0,6.4,8.9,7.2,2.2,8.3,7.4,6.5,7.6,5.0,8,6.0,6.0
12523064,7.3,5.9,6.6,8.5,7.3,6.9,5.1,5.4,6.9,7.0,7.3,8.6,6.5,9,8.0,8.0
12523011,7.7,6.0,5.8,8.0,6.8,7.0,7.3,5.6,7.6,7.6,5.3,8.8,6.5,7,7.0,8.0
12523035,6.5,5.8,6.4,8.7,6.1,8.4,7.0,5.9,8.5,7.3,5.5,8.6,7.5,7,5.0,6.0
10123001,7.3,7.2,6.9,7.3,6.7,6.9,7.3,6.7,8.6,5.7,8.0,8.7,7.0,8,9.0,8.0
10123056,6.9,8.9,7.7,7.3,7.2,6.9,8.3,6.4,8.3,7.0,6.8,8.2,8.0,9,7.0,7.0
10123147,8.4,9.0,8.4,7.0,7.5,7.0,6.7,6.8,8.3,5.8,7.0,8.5,6.5,7,7.0,6.0
10123139,9.5,8.8,8.4,6.5,6.8,7.0,7.6,5.8,8.3,8.2,6.0,8.3,7.5,7,8.0,7.0
10123066,10.0,8.9,7.9,6.5,6.0,7.2,7.9,6.9,9.0,6.6,6.5,8.7,7.0,8,6.0,8.0
12523020,8.5,7.0,7.0,8.8,7.2,7.0,6.9,5.7,7.0,7.7,5.8,9.0,7.5,6,6.0,9.0
10123216,7.9,6.4,6.9,8.8,6.5,8.1,6.7,6.9,8.6,8.4,5.3,8.6,7.5,7,7.0,8.0
10123257,7.2,8.6,7.2,8.8,6.9,6.9,7.1,5.9,7.4,6.7,5.5,8.7,7.0,6,7.0,8.0
10123101,7.8,9.2,6.5,6.0,8.2,8.1,8.3,7.9,7.7,8.4,7.0,8.6,7.0,7,6.0,8.0
12523022,7.4,8.7,8.1,8.0,8.2,8.0,7.8,8.8,7.5,7.6,6.3,9.0,7.5,6,7.0,7.0
10123105,9.4,8.4,7.4,8.8,7.7,7.2,8.0,7.0,7.8,7.5,7.0,8.7,6.0,7,6.0,8.0
10123160,8.8,7.8,8.9,8.0,6.5,7.1,7.9,6.9,7.6,8.1,6.8,8.5,7.0,7,10.0,8.0
10123167,10.0,10.0,8.2,6.5,7.7,6.4,7.7,7.9,7.0,7.9,6.5,9.3,8.0,7,7.0,6.0
10123294,9.5,8.2,8.1,7.8,9.2,7.1,8.1,6.5,8.0,7.6,5.8,8.6,7.0,8,8.0,9.0
12523010,9.7,7.8,7.7,8.5,9.4,7.9,9.1,8.2,8.3,8.0,6.5,8.9,6.5,9,6.0,8.0
12523003,9.7,8.5,8.7,9.3,7.8,7.7,8.9,7.3,8.2,8.3,7.5,8.9,8.0,8,8.0,7.0
12523055,8.4,7.8,6.3,8.8,8.5,8.6,9.1,6.3,8.3,7.7,7.0,8.9,7.0,6,7.0,8.0
10123028,9.5,9.1,8.7,7.0,7.2,7.3,7.8,8.0,8.5,8.9,7.5,8.9,8.0,8,9.0,8.0
10123053,9.8,9.9,8.3,8.5,8.3,8.1,9.6,8.5,9.0,8.6,7.0,8.6,8.5,8,9.0,8.0
10123084,9.7,10.0,8.8,8.8,8.2,8.2,8.6,8.5,9.2,8.7,6.8,8.6,8.0,8,8.0,7.0
10123196,9.5,9.9,9.9,9.8,7.9,7.9,9.1,8.4,8.4,8.9,7.8,9.0,4.5,6,9.0,7.0
12523037,9.8,9.5,8.9,9.0,8.7,8.5,9.0,7.7,8.1,9.5,7.8,9.0,8.0,9,9.0,9.0
12523040,9.4,9.0,8.7,9.5,7.9,9.1,9.1,8.8,8.8,8.8,8.0,8.6,7.5,6,6.0,8.0
10123281,4.4,5.4,0.0,1.5,7.0,0.0,1.5,0.0,0.0,0.0,5.8,8.6,0.0,7,6.0,0.0
12523103,5.8,5.6,2.7,3.0,2.0,6.3,0.5,2.2,5.0,1.2,4.3,9.1,6.0,7,7.0,6.0
12523004,5.3,0.0,6.7,1.5,6.5,7.4,6.5,0.0,6.3,5.5,5.5,9.2,7.0,7,6.0,7.0
12523008,5.2,4.7,5.3,3.8,6.1,6.7,3.5,2.0,6.3,6.1,5.5,8.4,6.5,6,7.0,6.0
10123038,3.3,4.4,2.3,4.8,6.7,6.7,5.5,5.7,6.4,5.4,5.0,8.9,6.5,7,8.0,6.0
12523121,6.8,6.3,5.9,3.5,5.9,6.9,7.0,0.0,7.0,6.6,5.5,8.3,7.0,8,5.0,8.0
10123357,5.4,1.0,4.8,3.0,7.5,8.2,7.5,7.0,8.3,7.8,5.0,7.7,6.5,7,7.0,5.0
12523012,7.7,6.8,8.3,5.0,5.4,5.9,7.3,5.4,5.8,5.9,7.3,8.5,6.5,7,8.0,7.0
12523100,7.1,5.5,5.6,2.8,4.9,7.6,8.0,5.0,6.3,7.0,4.5,9.2,6.5,7,6.0,5.0
10123159,8.1,8.6,6.9,5.5,7.2,6.4,3.5,7.2,8.1,3.3,6.8,8.9,6.0,8,7.0,8.0
12523009,4.5,6.3,5.1,5.0,6.3,8.3,7.0,5.4,6.9,7.4,4.5,8.9,6.5,5,6.0,5.0
11023276,6.4,6.0,6.8,8.5,5.0,6.0,0.5,6.4,6.6,7.1,6.8,9.2,6.5,6,3.0,6.0
10123065,7.8,8.5,7.1,1.5,7.9,9.1,4.0,8.3,7.8,8.1,7.0,8.7,6.5,8,6.0,7.0
12523116,6.5,5.7,3.2,8.5,5.9,5.4,6.3,4.5,6.0,6.2,6.5,8.7,7.0,6,8.0,5.0
10123234,5.4,4.9,5.7,7.7,5.6,7.5,5.0,6.2,6.1,7.3,5.3,9.0,6.0,6,6.0,7.0
10123073,8.0,8.4,7.7,7.0,7.0,5.9,5.8,7.0,6.2,7.5,7.1,8.7,7.5,8,8.0,7.0
10123134,7.2,6.6,6.0,5.3,6.7,7.1,7.5,7.9,7.4,5.9,5.5,9.3,6.5,7,7.0,5.0
10121310,4.3,4.9,6.9,5.0,5.3,5.8,5.5,4.7,7.0,8.0,5.8,7.6,7.0,7,6.0,9.0
12523060,8.8,6.9,6.1,6.5,5.9,6.6,6.0,5.0,6.1,6.7,6.0,9.0,5.5,6,8.0,6.0
10123029,7.3,7.5,6.7,7.8,7.1,7.7,6.0,7.0,7.1,7.3,5.8,7.8,6.5,8,9.0,7.0
10123168,8.5,7.4,5.6,7.0,6.7,6.1,5.8,6.3,6.4,5.6,8.0,8.8,6.5,7,9.0,7.0
10123324,8.3,7.9,7.4,8.3,7.2,6.9,5.1,6.3,6.9,6.8,5.5,9.0,6.5,9,9.0,6.0
12523029,6.3,5.9,8.4,8.4,6.2,6.7,8.8,6.8,7.8,7.2,6.5,9.1,7.5,6,8.0,8.0
10123255,7.2,8.6,7.7,4.8,5.9,7.9,6.8,7.0,7.6,8.0,6.0,9.0,6.5,8,6.0,9.0
10123341,9.7,7.5,8.7,6.5,6.9,7.0,8.5,6.0,6.8,8.5,6.5,8.8,7.0,8,5.0,7.0
10123240,7.2,8.4,6.6,7.0,6.6,7.8,6.6,7.9,6.2,6.8,5.3,7.4,6.5,10,9.0,8.0
10123100,7.3,8.8,6.8,6.8,6.7,6.9,8.3,7.6,6.6,7.8,4.7,8.2,7.0,7,7.0,9.0
12523112,8.7,9.3,6.6,5.8,6.7,6.5,6.8,5.5,6.4,8.0,6.8,9.1,6.5,8,7.0,8.0
10123320,7.0,6.5,6.4,6.8,6.5,8.1,5.5,6.5,7.0,8.7,6.9,7.8,6.5,8,10.0,9.0
10123271,9.7,7.8,,7.3,7.2,6.2,8.5,8.3,7.0,,6.9,8.9,6.5,8,9.0,6.0
10123369,9.7,9.3,8.0,8.3,9.1,9.0,8.3,7.9,8.0,9.1,6.0,8.7,6.5,7,7.0,7.0
10123156,9.4,7.6,8.5,6.8,7.0,7.5,6.8,7.2,6.4,6.5,6.5,8.8,7.0,8,7.0,7.0
10123072,7.4,8.4,6.6,7.5,6.8,6.6,7.3,6.9,7.0,6.4,7.0,7.4,5.5,7,5.0,7.0
10123233,8.8,8.0,7.7,6.5,6.9,6.9,6.0,6.3,6.9,7.6,7.0,8.0,6.5,8,9.0,7.0
10123267,7.9,8.5,8.8,6.5,7.2,6.3,6.0,7.5,7.2,7.6,7.2,8.2,6.5,6,6.0,6.0
10123241,8.8,7.8,7.8,7.3,7.1,8.0,6.5,6.3,7.8,6.7,5.5,8.1,6.5,8,7.0,6.0
12523081,7.1,6.2,8.0,7.3,8.0,7.7,7.5,6.9,7.3,8.5,7.8,9.3,7.5,8,7.0,8.0
10123158,8.1,8.5,8.4,8.5,7.0,7.6,7.5,8.5,6.8,7.4,6.5,8.9,6.5,8,9.0,7.0
10123005,8.7,9.2,7.9,7.8,6.5,7.7,7.0,7.8,7.0,8.9,6.8,9.3,6.5,7,6.0,8.0
11223272,8.0,9.0,8.2,8.0,7.6,7.8,8.0,7.2,7.4,8.2,5.8,9.1,7.0,6,7.0,7.0
10123006,8.7,9.0,9.7,6.8,7.7,8.4,8.0,7.9,8.8,9.6,6.8,9.3,7.5,8,6.0,8.0
12423013,8.1,9.4,9.2,5.5,8.6,8.8,7.0,9.2,8.8,8.0,7.3,8.6,6.5,8,7.0,7.0
10123293,8.5,9.0,8.8,8.3,7.3,8.6,7.8,8.3,7.7,9.1,7.0,9.2,7.0,8,9.0,7.0
12523001,9.7,7.9,7.9,7.5,7.2,7.7,9.0,7.3,8.5,8.5,6.8,9.3,6.5,9,9.0,10.0
12523107,8.9,8.3,7.9,8.0,7.5,9.1,8.3,7.8,8.6,7.8,8.3,8.7,7.5,7,7.0,7.0
12523046,7.6,8.7,7.3,6.3,8.1,8.5,9.8,7.1,8.6,8.6,6.0,9.4,7.5,8,7.0,7.0
10123308,8.5,9.2,9.0,7.3,7.3,8.9,7.5,6.1,9.4,8.9,7.3,9.3,6.5,7,6.0,7.0
10123039,8.8,7.5,9.7,6.0,8.8,8.7,8.5,7.4,7.8,8.1,7.0,9.0,8.0,9,8.0,7.0
12523068,9.1,8.9,8.5,9.3,7.8,8.7,9.3,8.8,7.3,8.2,6.8,9.4,6.5,9,9.0,8.0
12523086,8.5,9.8,8.6,8.0,7.2,7.8,8.3,8.3,8.2,9.3,7.3,8.8,6.5,8,6.0,8.0
10122090,4.3,5.3,4.0,4.8,7.0,5.6,5.0,6.3,6.1,1.5,6.0,8.2,6.5,8,9.0,9.0
10123282,5.9,3.7,3.8,0.0,5.4,5.1,6.8,5.8,2.8,1.1,5.0,8.7,4.5,6,0.0,5.0
10123163,5.8,5.7,3.8,4.0,5.8,5.9,6.0,5.6,2.1,5.8,5.8,9.3,6.5,7,7.0,6.0
12523114,7.8,7.2,5.9,2.0,5.1,6.2,7.5,4.5,2.2,6.1,5.8,9.2,0.0,7,0.0,9.0
12523036,5.9,7.2,3.0,3.8,7.0,4.6,6.3,5.5,2.1,5.8,5.5,8.0,1.0,5,6.0,0.0
12523075,8.8,6.7,2.9,2.0,5.0,6.3,7.8,5.9,2.1,1.7,7.5,9.3,7.0,7,3.0,6.0
10123333,7.4,5.9,5.6,4.3,6.4,5.3,6.6,5.0,5.6,2.0,7.0,7.4,6.5,7,7.0,8.0
12523078,7.4,6.0,4.3,0.0,5.5,5.3,6.4,7.1,2.2,1.7,6.2,8.9,7.0,8,7.0,7.0
10123291,8.0,8.8,7.8,3.0,6.5,6.1,2.7,5.2,2.2,2.8,5.5,8.2,1.5,6,9.0,8.0
12523021,6.5,7.4,1.4,3.0,6.0,7.5,4.3,4.7,7.2,6.7,6.0,8.4,7.0,7,8.0,8.0
10123162,7.9,6.9,4.2,2.0,5.5,5.8,6.7,5.4,6.5,6.6,6.3,8.5,6.5,6,7.0,7.0
10123189,5.8,8.2,6.2,3.0,4.8,4.8,8.8,5.5,6.7,5.8,6.8,8.9,6.5,6,7.0,7.0
12523018,6.9,7.8,5.1,0.0,6.8,6.7,6.8,5.7,6.2,6.4,6.7,9.1,7.0,6,6.0,8.0
10123262,6.5,4.9,6.3,4.5,6.5,6.7,7.4,5.9,7.3,6.4,5.8,8.5,7.0,7,6.0,8.0
12523094,7.7,6.4,6.3,2.5,5.7,8.0,7.6,6.9,6.2,6.4,6.5,8.3,6.5,7,6.0,7.0
12522077,9.0,6.7,7.3,5.8,8.2,8.2,6.3,5.3,8.6,3.2,7.3,8.3,1.5,8,9.0,8.0
12523013,6.7,5.4,7.7,7.0,6.5,7.6,9.1,7.8,7.3,6.2,6.8,9.0,6.5,7,6.0,7.0
10123094,6.0,6.8,3.8,4.0,5.1,6.9,6.5,6.7,7.0,5.7,5.5,8.4,6.5,6,6.0,7.0
10123207,8.0,7.3,5.4,5.5,6.4,5.5,7.8,5.5,5.7,6.5,7.3,8.7,6.5,7,7.0,8.0
10123316,7.3,7.9,4.9,4.0,5.8,5.7,7.3,5.4,5.4,6.3,6.8,8.4,7.0,7,8.0,8.0
10123334,8.3,6.0,5.1,6.0,6.9,7.5,7.7,6.0,9.1,6.9,5.8,9.1,6.5,6,6.0,5.0
12523047,7.4,8.7,5.5,2.5,5.5,5.3,6.7,6.9,6.6,5.4,7.3,9.1,7.5,9,5.0,9.0
10123314,6.8,6.6,6.1,5.5,6.3,6.4,7.0,5.8,5.7,5.8,6.8,9.2,7.0,8,7.0,9.0
10123263,8.2,7.1,7.9,7.5,6.3,7.4,6.9,6.8,6.8,3.5,6.5,9.1,6.5,9,9.0,7.0
10123343,9.3,9.1,9.0,9.0,7.8,7.4,8.3,7.8,7.2,7.4,7.0,8.8,7.5,8,8.0,6.0
10123080,7.7,8.4,7.2,6.5,5.6,6.7,7.1,6.7,5.8,6.6,7.3,9.0,7.0,6,8.0,7.0
12523118,6.3,5.4,8.9,7.0,5.0,5.8,6.6,6.3,6.7,6.2,8.8,9.1,6.5,7,6.0,7.0
10123154,8.3,8.8,8.6,7.5,6.5,6.7,7.2,5.4,7.5,7.0,6.8,8.5,7.0,7,6.0,6.0
12523048,8.2,9.2,8.2,9.0,7.4,7.2,6.8,7.0,8.3,6.4,7.8,9.4,7.0,7,5.0,6.0
10123102,8.7,8.9,8.7,6.0,6.0,8.3,7.4,8.0,7.8,9.0,7.7,9.0,7.0,5,8.0,7.0
10123078,8.2,8.3,6.8,5.5,5.8,6.4,6.7,6.7,6.0,6.0,6.3,8.5,7.0,6,8.0,7.0
10123279,6.4,7.3,7.9,4.0,6.8,6.6,7.1,6.2,7.4,8.1,7.0,8.9,7.0,7,7.0,6.0
10123261,9.3,9.4,8.9,6.5,6.9,6.1,8.2,7.9,7.2,5.8,7.0,7.7,6.5,9,6.0,7.0
12523092,9.7,9.6,8.4,6.0,6.9,6.9,8.0,6.8,6.6,7.5,7.5,8.8,7.5,7,9.0,8.0
10123242,8.8,8.7,8.5,7.8,6.2,6.4,7.7,7.3,5.9,8.4,9.0,9.4,7.0,9,9.0,9.0
12523066,9.2,8.9,8.3,7.0,7.8,5.8,7.7,6.9,5.9,7.5,6.7,9.1,6.5,7,4.0,7.0
10123298,8.7,9.4,9.4,8.0,7.7,8.2,8.9,6.8,7.8,7.6,8.3,8.7,7.5,7,6.0,8.0
10123135,7.8,9.8,7.9,7.5,6.1,6.4,7.5,6.3,6.8,5.6,8.0,9.1,7.0,7,7.0,7.0
10123237,9.3,9.3,7.0,6.8,6.3,7.1,7.3,6.2,6.7,6.1,6.5,8.9,7.0,8,8.0,6.0
12523093,8.9,9.6,7.8,7.5,7.0,6.5,7.1,6.0,6.0,6.5,7.0,9.1,6.5,8,7.0,8.0
10123269,8.8,8.1,7.5,7.0,8.4,8.2,6.9,6.7,8.5,5.8,7.0,9.4,6.5,7,6.0,7.0
10122121,8.7,9.0,9.5,8.8,7.3,7.5,6.0,6.4,8.7,7.1,7.3,9.2,7.5,6,6.0,7.0
12523101,9.3,8.6,9.4,8.5,6.9,8.3,8.3,7.8,7.6,6.6,6.5,9.4,7.0,7,6.0,6.0
12523077,9.3,7.5,7.2,6.5,7.2,8.2,7.3,8.1,7.6,7.9,6.0,8.3,7.5,6,7.0,8.0
12523032,8.4,9.5,8.2,5.5,7.9,8.3,8.3,7.4,8.9,7.0,5.5,9.1,7.5,8,8.0,5.0
10123178,8.4,8.7,8.9,7.0,6.3,7.0,7.1,7.5,7.5,9.2,8.5,9.3,7.0,7,9.0,6.0
10123224,8.3,7.9,8.7,7.8,8.4,6.5,8.8,8.2,8.2,8.2,5.8,8.6,6.5,7,8.0,7.0
10123337,9.7,9.3,8.9,8.8,6.8,7.5,8.3,7.2,7.9,7.5,7.8,8.7,6.5,7,8.0,6.0
12523072,10.0,9.4,9.6,9.0,7.3,8.0,7.1,7.0,7.9,8.2,7.5,9.4,7.0,9,7.0,7.0
